threshold,scale_pos_weight,num_leaves,max_depth,subsample,colsample_bytree,min_child_samples,min_child_weight,reg_alpha,reg_lambda,AUC,F1_score,Recall,Precision,Avg_Best_Iteration
0.33,1.4,3,11,0.15,0.45,70,0.0,0.005,1.0,0.8559134753802938,0.4550534042217052,0.6977819726646504,0.3376373565952069,990.8
0.1,2.2,6,3,0.1,0.35,80,0.001,0.005,1.0,0.8565788464144084,0.39873250854296316,0.9808747026676577,0.2502269422661557,731.8
0.1,2.2,4,19,0.3,0.45,120,0.02,0.001,0.1,0.8562741563957786,0.39871477545992073,0.9813740656678899,0.2501802874102649,916.2
0.15,2.0,5,11,0.15,0.45,100,0.0,0.0,0.7,0.8561663794309883,0.4124727711702535,0.9673158640316801,0.2621237127835096,749.2
0.1,1.8,5,21,0.2,0.35,120,0.02,0.0,0.7,0.8566161356966029,0.4037334485583123,0.9776633987801894,0.25439486183504634,856.0
0.1,2.2,5,21,0.2,0.65,80,0.0,0.0,0.3,0.8518344986955556,0.3899417342566583,0.9862270286017099,0.2430710383496272,409.0
0.2,1.4,4,5,0.3,0.55,120,0.005,0.0,0.5,0.8563219623301489,0.44552028893399476,0.8857497180419776,0.2976152480977275,762.2
0.2,1.6,8,11,0.42,0.35,70,0.02,0.005,0.3,0.8566382622401829,0.4388846831397119,0.9107262714085017,0.2891090114338547,537.2
0.15,2.0,6,11,0.42,0.65,80,0.005,0.0,0.3,0.8563024289890299,0.4126495353571287,0.966959103418052,0.2622919461391537,604.6
0.1,1.8,6,11,0.1,0.45,100,0.001,0.005,0.7,0.8564217710999611,0.4043856165895356,0.9778773787542306,0.2548979796959986,685.4
0.25,2.0,4,11,0.15,0.45,130,0.02,0.001,1.0,0.8563308597049868,0.4423029305938635,0.8989516687407676,0.2933204326440645,842.8
0.25,2.2,6,13,0.15,0.45,130,0.01,0.0,0.1,0.8563231773997266,0.4391331332914423,0.9144372948021685,0.28895305235544066,708.6
0.1,1.6,8,7,0.42,0.6,60,0.01,0.001,1.0,0.856369523070206,0.4064229483558009,0.9746661767256098,0.2567425208224773,442.8
0.25,2.2,5,19,0.1,0.35,130,0.005,0.005,0.5,0.856530864106905,0.4378931026118672,0.9155790306246265,0.2877685337153942,777.4
0.1,1.8,6,7,0.3,0.35,90,0.02,0.0,1.0,0.8565938603793679,0.4037808167719407,0.9775919957280399,0.25443732882103404,721.2
0.1,1.8,8,19,0.4,0.45,70,0.005,0.0,1.0,0.856233993989802,0.40423563888616415,0.9775206690700262,0.25480401259507623,474.2
0.3,1.4,7,13,0.3,0.35,60,0.005,0.001,0.3,0.8565013481657168,0.45781400163170083,0.7443097955361888,0.3305905274092693,527.2
0.1,1.6,7,5,0.1,0.6,60,0.02,0.0,0.3,0.8563653243093146,0.4063901123301993,0.9751656925141132,0.25668064268128404,473.8
0.33,2.0,7,7,0.2,0.65,110,0.001,0.005,0.3,0.8563396304810622,0.4564414356153598,0.8112481706787593,0.3175695083748667,577.8
0.33,1.8,6,13,0.3,0.65,120,0.0,0.0,0.3,0.8563715191813358,0.4575302661219888,0.7825605684538565,0.3232823657000946,692.2
0.1,1.8,3,21,0.4,0.45,80,0.0,0.0,0.1,0.8558689019928444,0.4028691625927312,0.9783767926838864,0.2536606635941522,998.0
0.15,1.4,3,13,0.1,0.65,80,0.005,0.005,0.7,0.8559851573840402,0.4255596605043088,0.943695153785215,0.27472733117792536,950.2
0.15,2.2,4,21,0.4,0.6,80,0.01,0.001,0.3,0.8503607167741205,0.4025365004210273,0.9735243390443042,0.25375517566954986,363.6
0.1,1.4,8,15,0.2,0.6,110,0.01,0.005,0.1,0.8563641046595037,0.40930724597559925,0.9712407655405407,0.25929073879446757,428.4
0.33,1.4,3,15,0.42,0.55,60,0.001,0.0,0.3,0.8559529220227132,0.45409068304786915,0.6935712806942089,0.3375625443723064,917.8
0.3,2.0,4,15,0.15,0.55,120,0.001,0.0,0.7,0.8562773323919591,0.45332602707101116,0.8471434068168525,0.3094750224073077,829.2
0.3,1.4,3,19,0.1,0.35,80,0.001,0.001,0.7,0.8558609168582061,0.45714159422908035,0.7526593689895322,0.32827492669888186,997.6
0.25,1.6,6,3,0.15,0.6,50,0.01,0.001,0.7,0.856416329486103,0.4523487076548327,0.8534231575580666,0.3077418098634666,617.8
0.2,2.0,8,19,0.42,0.6,70,0.001,0.001,0.3,0.8562731289813297,0.42843069211138946,0.9367728265040796,0.277725946117794,558.8
0.1,2.2,8,19,0.1,0.55,50,0.0,0.005,0.7,0.8542559461527202,0.3903150654340983,0.9862271813899811,0.243363661822421,351.6
0.3,2.2,4,3,0.4,0.35,70,0.0,0.005,0.1,0.8564322998100045,0.45009559040226393,0.8694796006012728,0.30365359225360267,903.0
0.33,1.6,6,5,0.4,0.45,50,0.02,0.0,0.7,0.8564461761242909,0.4582002524812744,0.7473790317960032,0.33038756702870226,683.6
0.33,2.2,7,19,0.2,0.55,80,0.005,0.0,0.5,0.854033406926671,0.453592685661953,0.8088902402162669,0.3152094044662869,304.2
0.25,1.6,8,11,0.3,0.55,60,0.0,0.001,1.0,0.856369523070206,0.45223774996098565,0.853708566048969,0.30759727595422853,442.8
0.3,1.4,3,19,0.15,0.65,90,0.001,0.001,0.1,0.8558945791728558,0.4564827311503268,0.7545147533628062,0.32724459868078415,937.8
0.15,1.8,5,7,0.3,0.65,90,0.02,0.005,1.0,0.8563180138557775,0.4162192072228777,0.9625345587971286,0.2655184667159921,655.4
0.1,2.2,5,5,0.15,0.55,60,0.0,0.005,1.0,0.852580834226063,0.3901155883298843,0.986369758311873,0.243192222957354,317.4
0.15,1.8,5,21,0.15,0.55,80,0.005,0.005,0.7,0.8564891893690607,0.41631714218066945,0.9617497109118582,0.26566402847900716,685.8
0.2,1.4,3,15,0.2,0.35,50,0.005,0.0,0.5,0.8559233534553281,0.4438163613674714,0.8908164317674319,0.29553494825823096,997.0
0.15,2.0,7,15,0.4,0.35,60,0.0,0.005,0.3,0.8565157883660544,0.41220376733612074,0.9674586701359791,0.2618953670129796,625.4
0.3,1.4,5,21,0.4,0.45,110,0.001,0.0,0.5,0.8561327050323719,0.45791316467078813,0.751517658631786,0.32928511531296456,665.0
0.2,1.4,5,9,0.42,0.45,60,0.005,0.005,0.7,0.8563508315546267,0.44579194782297177,0.8861067842321486,0.29781889814839724,739.8
0.3,1.6,4,7,0.15,0.6,50,0.001,0.005,0.5,0.8562008502951561,0.4575819806754017,0.7946208087949003,0.32131233611375787,689.6
0.25,1.6,5,7,0.42,0.35,110,0.0,0.001,0.3,0.8565640496915595,0.4529567923548992,0.8557781341139796,0.3079975523807815,717.8
0.15,2.0,5,11,0.15,0.45,50,0.001,0.001,0.5,0.8562560884004592,0.41244694454042874,0.9668163482431769,0.2621389545455227,803.8
0.2,1.4,5,13,0.42,0.65,110,0.02,0.001,0.1,0.8563709952743295,0.44565994975416007,0.886891352005588,0.2976069052942949,573.2
0.1,1.8,4,21,0.2,0.35,60,0.02,0.001,0.5,0.8564130966508097,0.40364104269811385,0.9780201848585295,0.2542970780374686,890.0
0.33,1.8,6,21,0.4,0.35,110,0.02,0.0,0.5,0.8565967462023263,0.45743433256658006,0.7809188075486573,0.32346327669812924,655.0
0.1,2.0,3,19,0.4,0.45,100,0.01,0.0,0.5,0.8558930634889463,0.4002257318427412,0.9804463098194731,0.2514315072787509,986.4
0.3,1.8,8,5,0.42,0.55,130,0.005,0.005,0.7,0.8563576986008139,0.4571038272615085,0.8222381546436303,0.31655414862268166,508.2
0.2,2.0,8,11,0.4,0.45,80,0.01,0.005,0.7,0.8563080811611204,0.4277954228451867,0.9361309884408033,0.2772502912685857,606.4
0.33,1.6,7,21,0.2,0.6,130,0.0,0.001,0.5,0.8564324939598299,0.4575038687514198,0.7432395391600158,0.3304866702428686,511.6
0.15,2.0,7,21,0.42,0.55,120,0.01,0.001,0.3,0.8565188267765631,0.41356028235206743,0.9655321628223865,0.2631387736231975,577.6
0.3,2.0,8,7,0.42,0.35,90,0.02,0.005,1.0,0.8566400842734966,0.45432191146969625,0.8459302934069569,0.3105708160907127,642.2
0.2,1.4,4,11,0.15,0.45,70,0.0,0.0,0.3,0.8563751403896515,0.4454833099341056,0.8856786205663709,0.29759245621759933,864.4
0.25,2.2,3,17,0.3,0.65,80,0.01,0.001,0.7,0.8349605467424022,0.42332406863302385,0.9083712184584529,0.2759662372228622,36.0
0.15,1.6,8,3,0.1,0.6,80,0.001,0.005,1.0,0.8564759178430389,0.42121177508569296,0.9536858515259603,0.270300164045806,489.8
0.25,1.4,7,9,0.1,0.6,70,0.01,0.005,1.0,0.8564922606867607,0.4564922855885145,0.8236654772099741,0.31575289521039485,466.8
0.3,2.2,5,17,0.4,0.65,110,0.02,0.001,0.3,0.8518657997026635,0.4493072192227773,0.8255164052586668,0.3087968726973445,379.6
0.33,2.0,6,11,0.15,0.55,130,0.01,0.005,0.3,0.8564429141373264,0.45733483784796664,0.8129609017360059,0.3181715580627663,641.0
0.2,2.0,3,11,0.15,0.55,100,0.005,0.005,0.1,0.8559604357061186,0.4253978556307786,0.9434810974170379,0.2746103140921764,988.8
0.15,1.6,4,15,0.42,0.45,80,0.0,0.001,0.7,0.8562446486011825,0.420049243717617,0.9548277146719777,0.26925378680273077,826.4
0.2,2.2,6,15,0.1,0.45,110,0.01,0.005,0.1,0.856368724718665,0.4236395578411056,0.946692426769218,0.27288119721740944,778.0
0.3,2.0,6,3,0.2,0.55,110,0.01,0.005,1.0,0.8564849361079181,0.45318592971140054,0.846001518206123,0.30949472484540663,581.4
0.3,1.6,6,9,0.2,0.6,120,0.0,0.001,0.5,0.8565908129975849,0.45808683813600537,0.7901963151034008,0.32254363220150556,572.2
0.33,2.0,8,7,0.3,0.45,130,0.0,0.001,1.0,0.8563759576638521,0.45644560591943567,0.8124612331592311,0.3173828019523801,602.0
0.3,1.4,3,15,0.15,0.6,70,0.0,0.001,0.7,0.8560288658902474,0.45753784478227527,0.7557281214198206,0.3280974730740102,991.6
0.2,1.6,6,13,0.2,0.6,90,0.01,0.001,0.1,0.8564254130768291,0.439153204829495,0.9095845865154674,0.289455975491122,513.4
0.25,1.4,8,19,0.1,0.55,80,0.0,0.005,0.1,0.856490798983755,0.45724736880159955,0.8228802473540254,0.31659082901767127,443.4
0.1,1.6,4,3,0.4,0.45,80,0.001,0.001,0.1,0.8563589999073565,0.40618769127188364,0.9750228609451025,0.25652923261167515,857.8
0.3,1.6,6,11,0.2,0.45,60,0.001,0.001,0.1,0.856325795591164,0.4574349084673508,0.7929079758788063,0.3214492283942214,649.6
0.3,1.4,5,21,0.42,0.6,110,0.001,0.0,1.0,0.8564635014433273,0.4578680437334797,0.7493765601910669,0.32965228792198775,643.6
0.33,1.6,3,11,0.42,0.65,60,0.02,0.0,0.5,0.8559991794104839,0.4569798517523699,0.7518029397991294,0.32826591491003565,996.4
0.3,2.0,8,13,0.1,0.65,100,0.0,0.001,0.7,0.8563620741919113,0.4532108089838416,0.8449312872946623,0.3096688408242979,519.2
0.1,2.0,5,17,0.42,0.45,110,0.001,0.005,1.0,0.8562684986861452,0.4020150777520465,0.9798755183023797,0.2528839613389729,767.4
0.33,1.8,7,19,0.3,0.6,110,0.02,0.001,0.5,0.8564240097877217,0.45769903176848903,0.7817044703047082,0.32360023530147536,510.8
0.15,1.4,5,17,0.15,0.6,110,0.005,0.0,0.7,0.8564672404327706,0.4268924109004941,0.941625942226171,0.27601751964660887,553.0
0.2,1.6,6,9,0.2,0.55,100,0.005,0.005,0.5,0.8563978186133836,0.43907431622965526,0.9103696381184327,0.28930905208638047,520.8
0.3,1.4,7,9,0.1,0.45,110,0.01,0.005,0.3,0.8562058125341381,0.4567266316960669,0.749448039637352,0.3284606705579387,454.8
0.33,2.0,8,17,0.3,0.35,60,0.005,0.0,0.7,0.8565810143364511,0.45740333007218636,0.81160482943354,0.31844521172289986,586.4
0.33,1.6,5,21,0.2,0.6,130,0.02,0.001,0.7,0.8563740613545484,0.45743358191716127,0.7475213540707762,0.3295652389842997,585.0
0.33,2.2,5,13,0.42,0.6,90,0.005,0.001,0.3,0.8527378623154499,0.45224103216823275,0.8103173845296274,0.3136833595959583,352.0
0.1,1.6,5,5,0.42,0.65,70,0.001,0.0,0.7,0.8563023840628435,0.4064435332004095,0.9746660748667623,0.2567581448929375,650.4
0.2,2.2,7,21,0.2,0.35,80,0.005,0.0,0.5,0.8565166021227674,0.4227771168652912,0.9489045462914085,0.2719848766130609,679.4
0.15,1.8,3,19,0.15,0.55,50,0.0,0.005,0.5,0.855970115117119,0.41410965706353686,0.9651749183792322,0.2636072071096435,997.6
0.33,1.6,8,17,0.1,0.35,90,0.01,0.001,0.7,0.8565127787787175,0.4581431116624891,0.7408132104813772,0.33163253894889444,473.0
0.2,1.6,3,11,0.3,0.35,60,0.01,0.001,0.1,0.8558972088987513,0.4361994465110137,0.9157931379222273,0.2862869072341461,998.8
0.3,1.4,4,7,0.4,0.55,60,0.001,0.0,1.0,0.8563318135682657,0.45726876933897137,0.7514462810443485,0.3286409265863058,789.6
0.25,2.2,7,21,0.15,0.65,110,0.01,0.001,0.5,0.8536837974057712,0.4333518393258965,0.9105834653042028,0.2843565360462692,298.8
0.3,2.0,5,21,0.4,0.35,60,0.001,0.005,0.3,0.8565744960605111,0.4542320477141014,0.8482138669107204,0.3101791477812817,789.4
0.2,1.4,4,9,0.15,0.65,60,0.001,0.0,0.7,0.856312432137717,0.4449269308846711,0.885464538733482,0.29711946196954886,720.6
0.25,2.2,6,11,0.1,0.45,90,0.005,0.005,0.7,0.8563387165912726,0.43853505107418983,0.913366503667046,0.28854187847739937,725.2
0.1,1.6,5,21,0.42,0.45,110,0.0,0.005,0.3,0.8563892076088665,0.40623572150400644,0.9748802076290749,0.2565770493673824,697.4
0.33,1.6,5,7,0.1,0.35,70,0.005,0.005,1.0,0.8564995350322675,0.4581915430488575,0.7452375259198936,0.3307980501639832,712.8
0.2,2.0,3,17,0.42,0.55,110,0.005,0.005,1.0,0.8559750959061008,0.4255598113639216,0.9436239289860486,0.2747334883511883,993.8
0.25,2.0,3,21,0.1,0.6,100,0.02,0.001,0.1,0.8559760382715844,0.44086037756817864,0.8991659542913514,0.2920261437835161,997.8
0.1,1.6,8,21,0.4,0.35,90,0.02,0.0,0.3,0.856529933076918,0.40597713042115424,0.9757365349606303,0.2563119909564596,502.8
0.25,2.2,8,17,0.2,0.45,110,0.01,0.0,0.7,0.8562437765289646,0.43877351592360975,0.9111544096095674,0.28897064060616,660.4
0.2,2.0,5,13,0.42,0.35,70,0.005,0.001,0.7,0.8566489260872254,0.42704066561366794,0.9396275989603268,0.27631436534752585,864.8
0.2,2.0,7,3,0.3,0.35,100,0.005,0.001,0.1,0.8565952578029666,0.426745191069912,0.9405551001616246,0.27598479973165413,673.0
0.25,2.2,3,19,0.3,0.6,50,0.001,0.005,0.5,0.8460175009897976,0.4293038033252735,0.916007016037421,0.2803936043153317,421.4
0.3,2.0,8,17,0.1,0.45,90,0.02,0.0,0.5,0.856357086333281,0.4541225152642392,0.8475002947540402,0.31016911924379464,569.8
0.25,2.0,3,3,0.42,0.65,80,0.001,0.001,1.0,0.8560784564105978,0.4410613205193285,0.8984522293463998,0.2922790241795698,990.6
0.1,2.2,6,5,0.15,0.35,120,0.0,0.005,0.3,0.8565347824709176,0.3987310448059501,0.9806606717641928,0.2502393819214487,764.4
0.25,1.8,7,11,0.3,0.6,120,0.001,0.001,1.0,0.856532350310206,0.44807617651037274,0.8798983346842364,0.3005775031001067,523.8
0.15,2.0,4,21,0.4,0.45,60,0.005,0.001,0.5,0.8562126853941756,0.41188075246579564,0.9680295380472079,0.26159325777322684,902.2
0.3,1.8,3,11,0.42,0.55,120,0.001,0.001,1.0,0.8560702796558031,0.4554457698727214,0.8263767305499894,0.3143575466973264,998.2
0.25,1.8,5,19,0.4,0.6,120,0.005,0.0,0.3,0.8563701697505838,0.4473794003398674,0.8778286392956665,0.3001917267611952,584.8
0.3,2.0,4,15,0.1,0.55,120,0.01,0.001,0.3,0.8563396231884225,0.45339766923916897,0.8470720292294149,0.3095519558567483,814.6
0.25,1.4,4,19,0.4,0.55,60,0.01,0.0,1.0,0.8563318135682657,0.4554967450904587,0.8243785146077046,0.31469904646475694,789.6
0.25,1.4,8,7,0.3,0.45,60,0.01,0.001,0.5,0.8562100287655152,0.45630036611365343,0.8245929274818481,0.3154326953594458,475.4
0.3,2.0,8,5,0.2,0.65,110,0.005,0.005,0.7,0.8564480072915789,0.4535688440696114,0.8457159823916609,0.3098923535765218,498.2
0.3,1.4,7,5,0.15,0.55,80,0.0,0.001,0.1,0.8564558883887832,0.4583805876349151,0.7482350790157278,0.3304091931946104,472.2
0.33,1.4,6,7,0.42,0.55,50,0.0,0.001,0.1,0.8562751179591339,0.45440669316488325,0.6900031907284003,0.3387754503413024,471.6
0.2,1.8,5,15,0.15,0.45,130,0.01,0.005,0.3,0.856387885658231,0.43316711438209293,0.9266401120651041,0.2826548720067987,749.2
0.15,1.6,3,21,0.3,0.65,80,0.01,0.005,0.3,0.8559756477907591,0.41902164817862275,0.9561833795390531,0.26830018665514654,988.4
0.15,2.0,8,11,0.3,0.55,50,0.01,0.001,1.0,0.8564986677470122,0.4145042807887993,0.9659600463763333,0.2638685216183731,573.4
0.15,1.4,6,13,0.4,0.55,110,0.005,0.001,0.5,0.8565459414284697,0.4275754538446173,0.9392710929938174,0.2767916848458504,555.2
0.15,2.0,6,5,0.15,0.6,100,0.02,0.001,0.5,0.8564307561552198,0.4130134403506167,0.9658172912014582,0.2626711506140594,621.6
0.1,2.0,5,3,0.4,0.35,120,0.005,0.0,1.0,0.8565358617712935,0.4010993445313923,0.9796615128636266,0.25217365553505244,847.8
0.2,1.6,8,9,0.4,0.55,70,0.0,0.005,0.1,0.8564240676547007,0.4392160145009948,0.9105122914344603,0.2894204209622237,474.6
0.2,2.0,3,21,0.2,0.45,60,0.005,0.001,0.7,0.8559023733684878,0.4253169475710795,0.9444088787301664,0.27446414507629485,999.8
0.15,1.6,4,19,0.2,0.65,130,0.005,0.0,0.5,0.8563941470668259,0.4206585127166339,0.9531148562911718,0.26988922444521324,823.6
0.25,1.8,8,13,0.1,0.6,60,0.001,0.0,0.7,0.8563771117569223,0.4477976698410707,0.8795414467470486,0.30037077199027135,486.0
0.3,1.8,3,15,0.1,0.55,130,0.0,0.001,0.5,0.8560027275399682,0.45524068678198776,0.8265907869181663,0.31413112825241435,969.4
0.33,1.8,7,15,0.42,0.55,60,0.001,0.001,0.1,0.8563900928723127,0.45811314139008036,0.7837738346520234,0.3236526460354014,526.6
0.3,2.2,5,21,0.15,0.35,120,0.005,0.005,0.7,0.856561881664484,0.44972502181251606,0.8680523289643528,0.30348828946192125,841.8
0.1,1.6,3,3,0.2,0.6,60,0.0,0.0,1.0,0.8559687440663113,0.40497254047552955,0.9764500561878868,0.25546205930147314,940.4
0.15,2.0,6,13,0.42,0.65,110,0.02,0.005,0.3,0.8564126263720351,0.4127412905158179,0.9666736949271494,0.26239019143650194,602.6
0.25,1.4,6,21,0.3,0.55,50,0.005,0.0,0.7,0.8564181050734707,0.4566166840137191,0.8232369825029417,0.31593479945327163,540.2
0.25,1.6,5,5,0.42,0.55,130,0.005,0.0,0.7,0.8563594256998138,0.45239276503855796,0.852495376244938,0.3079004819689903,557.6
0.2,1.6,3,17,0.1,0.45,50,0.0,0.001,0.3,0.85590533576481,0.43673126176458366,0.9118684655957736,0.28713246513539137,982.6
0.15,2.2,4,5,0.4,0.45,80,0.001,0.001,0.3,0.8564024972558595,0.40965138854687966,0.9706698212351761,0.25960757439460147,968.4
0.3,1.4,5,7,0.15,0.65,90,0.001,0.0,0.1,0.8563367013319041,0.4577408679510532,0.7525884752316205,0.32890684726121655,597.0
0.15,1.4,5,9,0.4,0.55,50,0.001,0.001,0.1,0.8563893150670634,0.4269433833897612,0.940555456667591,0.2761512761386881,610.8
0.15,2.0,7,5,0.42,0.35,120,0.01,0.001,1.0,0.8565049119799172,0.41199329484024705,0.9685291047651352,0.2616490492404021,578.0
0.3,1.4,6,19,0.15,0.65,50,0.02,0.001,0.7,0.8563567646963997,0.4577010504746041,0.7495909221357866,0.3294411218394996,482.0
0.33,1.4,3,17,0.3,0.6,60,0.01,0.005,0.7,0.856074313486924,0.45512667036910537,0.6944991384014731,0.33848622273042295,994.0
0.1,1.4,5,21,0.15,0.35,70,0.005,0.005,1.0,0.8565356749989421,0.40870063380769855,0.9720257916787942,0.2587504478540837,753.0
0.3,1.8,6,21,0.4,0.55,120,0.02,0.005,0.7,0.8564519377143969,0.45632706628002984,0.8231655030566566,0.3156690858032315,546.2
0.1,1.4,8,19,0.42,0.45,110,0.01,0.0,0.7,0.8561585127228047,0.40852654359453117,0.9713833679271444,0.25865577249737964,421.8
0.2,2.0,6,15,0.42,0.35,100,0.01,0.001,0.5,0.8565823815188912,0.4273235566538965,0.9408408906232054,0.2764445767718448,723.6
0.2,1.6,8,17,0.1,0.35,60,0.0,0.001,0.1,0.8563859176082046,0.4388501085892762,0.9127242327036674,0.2888731317904897,473.4
0.33,1.8,4,19,0.1,0.65,130,0.02,0.001,0.1,0.8564200939669122,0.4574426364932904,0.7870563378739461,0.32243081365502074,842.4
0.25,1.8,8,15,0.42,0.35,90,0.02,0.001,0.5,0.8565573824165392,0.4476413344479925,0.8798266769849679,0.3001949435055173,593.2
0.1,2.2,7,9,0.15,0.6,80,0.0,0.001,1.0,0.854017755524691,0.38991784216279296,0.9862984825832829,0.24304589964297288,297.0
0.2,1.4,5,21,0.15,0.6,130,0.02,0.005,1.0,0.8564883083396374,0.4461534178528595,0.8863207132767661,0.29811711146544884,627.4
0.1,2.2,8,11,0.1,0.45,90,0.005,0.001,0.5,0.8561536851189,0.3999472962967533,0.9809459783962478,0.2511792003036095,693.2
0.1,1.6,4,21,0.42,0.6,60,0.001,0.005,0.1,0.8562232055500273,0.4062102042425721,0.9753796470234425,0.256522646540697,750.2
0.1,2.2,4,15,0.3,0.6,100,0.001,0.001,0.5,0.850334816420526,0.38868301155496016,0.9860842988915465,0.2421017148275416,403.4
0.33,1.8,7,21,0.1,0.35,70,0.001,0.005,0.1,0.856637599874628,0.45753549449058256,0.7789210754358986,0.32390879013924334,572.8
0.33,1.4,5,17,0.42,0.6,120,0.02,0.001,0.7,0.8564681354456049,0.4546077638136702,0.6905026555874798,0.33886994097937145,613.6
0.2,1.6,7,5,0.2,0.6,60,0.005,0.005,1.0,0.8564671930726565,0.43955746267348267,0.909227596719432,0.2898456728294712,554.8
0.25,2.2,8,11,0.1,0.45,110,0.02,0.0,0.1,0.8561635567846675,0.439621602439756,0.9115110683643481,0.2896711615391695,719.8
0.15,1.8,4,7,0.2,0.55,100,0.0,0.0,0.7,0.8563989559055779,0.41589124049089865,0.9624634358568098,0.26525754068233975,820.0
0.33,2.0,4,7,0.3,0.65,80,0.02,0.005,0.5,0.8564219677009322,0.45625153521623396,0.8155298073365362,0.316731941594366,827.4
0.1,2.0,8,3,0.3,0.35,120,0.0,0.001,1.0,0.8564519271502817,0.40151082122515735,0.9788051346026474,0.2525561555289241,655.8
0.25,2.2,6,15,0.2,0.35,110,0.0,0.001,0.3,0.8565603555576216,0.4383618374051144,0.9139376007606819,0.2883349441899957,773.6
0.3,2.0,8,13,0.1,0.6,60,0.001,0.001,1.0,0.8563463597604153,0.45437380648178693,0.84700095721852,0.31047193241784277,584.8
0.25,2.2,3,15,0.2,0.55,80,0.005,0.0,0.1,0.8460612473507408,0.4291698241572708,0.9162924245283234,0.2802496763039055,421.2
0.3,1.4,7,19,0.15,0.55,100,0.001,0.0,0.1,0.8564041799145127,0.4580634261512624,0.7456657659798069,0.3305847092965803,505.8
0.15,1.8,4,7,0.4,0.45,60,0.001,0.005,0.7,0.8562774327697898,0.4155152182599319,0.9634623401102571,0.2648773249454161,829.4
0.25,2.2,7,17,0.42,0.65,100,0.005,0.0,0.7,0.8538712563479208,0.43346743090509376,0.9097985664895086,0.28453719027116897,313.6
0.1,2.0,6,11,0.2,0.65,50,0.005,0.005,0.1,0.8563414962395482,0.4017162477526191,0.9794474055660258,0.25267590385171734,551.4
0.2,2.0,6,3,0.1,0.55,90,0.0,0.005,0.1,0.8564175030968288,0.4273500466755033,0.940198645124539,0.2765216280893585,552.4
0.3,2.2,7,15,0.3,0.65,130,0.0,0.001,1.0,0.8537535125827447,0.44924192252028694,0.8305122506909213,0.3080160739349488,276.8
0.33,1.6,5,21,0.3,0.65,70,0.0,0.001,0.1,0.856378161954486,0.45648791768537966,0.7478068898852382,0.32852604123030577,592.4
0.2,1.4,7,7,0.1,0.45,120,0.01,0.005,1.0,0.856042011894796,0.4445685586259729,0.8853216307703355,0.2968177126412967,455.4
0.3,1.6,5,13,0.2,0.6,110,0.005,0.005,1.0,0.856469937018274,0.45746071752851714,0.7908382295608126,0.32181721136772234,650.6
0.1,1.8,3,13,0.1,0.65,110,0.005,0.001,1.0,0.8559671009992431,0.402310388336007,0.979019063647265,0.25317484030258797,982.0
0.15,1.8,3,21,0.42,0.45,100,0.005,0.005,0.7,0.8558572514742748,0.41411309467957247,0.9638191007238854,0.2637104547568761,999.4
0.15,2.2,8,5,0.2,0.65,110,0.005,0.0,1.0,0.8537909702033538,0.4079305446465571,0.9715262758902907,0.2581765512446432,250.2
0.1,2.0,7,13,0.1,0.55,90,0.001,0.0,0.5,0.8564497190320294,0.4021441876080215,0.9796615128636266,0.25300132049284096,639.0
0.25,1.6,4,7,0.15,0.35,90,0.0,0.005,1.0,0.856409865750158,0.45282698788875536,0.8551360159388726,0.3079589783541433,895.0
0.33,2.2,3,13,0.4,0.45,110,0.001,0.0,0.3,0.8558916994520326,0.45266340942440947,0.837865950191533,0.3101066167211525,999.4
0.33,2.2,4,17,0.1,0.6,100,0.001,0.001,1.0,0.8503199184563579,0.45101748680856096,0.8113880483411904,0.3123484677567162,324.6
0.2,2.0,4,19,0.15,0.55,120,0.001,0.001,1.0,0.8563414902800265,0.42748899628870235,0.9404127524221397,0.2766208541043766,897.4
0.25,2.0,5,15,0.4,0.65,110,0.001,0.0,1.0,0.856379392767918,0.44310681996187407,0.8976669485610274,0.29415797535619126,669.0
0.15,1.8,3,17,0.2,0.65,60,0.02,0.0,0.5,0.8559505451968507,0.4136452411141972,0.9649608110816315,0.2632461925907875,983.8
0.1,1.6,5,17,0.4,0.45,110,0.0,0.0,0.7,0.8562632383241471,0.4062270839956959,0.9746660494020503,0.2565845782707977,748.4
0.2,1.4,6,3,0.3,0.65,100,0.001,0.001,0.1,0.8563390942637655,0.4458121584595989,0.8843223954756338,0.2980336378045923,500.8
0.2,1.6,3,13,0.1,0.55,70,0.001,0.0,0.5,0.8560272635142872,0.4373344888500613,0.9113688224837109,0.28770542703563523,988.8
0.25,1.6,8,17,0.3,0.65,50,0.0,0.0,0.5,0.8564723574975744,0.45186056133241587,0.8514965229209146,0.30754020364729967,456.4
0.15,1.6,7,21,0.4,0.6,60,0.005,0.0,0.5,0.8563958470189446,0.4212095328187739,0.953186284808033,0.27034408964183393,459.8
0.1,1.4,4,15,0.42,0.65,120,0.0,0.0,0.7,0.8563122068415737,0.4089736516011125,0.9716688782768946,0.2589919982797878,773.6
0.3,2.2,3,19,0.4,0.45,70,0.005,0.001,0.1,0.8558182316246702,0.4473616109503732,0.8666965877031416,0.3015020950108825,999.6
0.3,1.8,4,21,0.3,0.45,60,0.02,0.001,0.1,0.8562554976214358,0.45601549370163286,0.8248069583853133,0.31512912208274224,851.2
0.3,2.2,7,19,0.4,0.35,110,0.01,0.0,0.7,0.8566164154057189,0.45016391997873095,0.8691942685045058,0.30375204239557796,666.2
0.2,1.8,8,3,0.2,0.35,100,0.001,0.005,0.1,0.856644247191199,0.43233318258054565,0.92735376061592,0.28187516322745265,660.0
0.3,1.8,4,3,0.2,0.65,100,0.001,0.005,0.7,0.8564178130411548,0.45570279196382735,0.8238792025368964,0.3149661974001444,799.6
0.33,2.0,8,7,0.15,0.35,120,0.0,0.001,0.3,0.8567615650071918,0.45702593460289515,0.8105345475926553,0.3182409978018062,584.4
0.1,1.6,3,13,0.2,0.65,110,0.02,0.001,0.5,0.8559537209381439,0.4050035933549747,0.976450005258463,0.25548714653838733,969.0
0.1,1.6,5,13,0.1,0.55,90,0.0,0.001,0.7,0.8565005035603193,0.406157425392348,0.9743093906472697,0.25655477792371606,650.6
0.25,2.0,6,13,0.15,0.6,120,0.005,0.005,0.5,0.8563769466561562,0.443855300423422,0.898451974699281,0.29473671472705154,666.6
0.1,2.0,3,15,0.4,0.45,130,0.005,0.001,0.1,0.8559219895313518,0.4003851079123283,0.980232227986584,0.2515716481682939,998.4
0.1,1.8,8,11,0.2,0.6,110,0.001,0.005,0.7,0.8564182517552817,0.40415087577102116,0.9773064853782897,0.2547506778169484,439.6
0.2,2.0,3,13,0.4,0.6,90,0.0,0.0,0.7,0.8558967961797082,0.42528356430997694,0.9439092356181036,0.27447846688358546,981.8
0.2,2.2,8,7,0.1,0.45,120,0.0,0.0,0.1,0.8561709839592208,0.42426866245836,0.9447653592319638,0.2735650032691015,692.6
0.15,1.8,5,15,0.4,0.35,70,0.01,0.001,0.5,0.8566173791920884,0.4158928997983766,0.9628201200763025,0.2652309015146068,803.4
0.25,1.4,7,7,0.4,0.55,110,0.005,0.005,0.5,0.8564877074007292,0.4564363830348473,0.8223807061008103,0.3158936012519636,491.0
0.15,1.4,3,7,0.3,0.65,110,0.02,0.0,0.5,0.8559705333518501,0.4254257390683821,0.9430528828218364,0.27467012628659526,971.2
0.2,2.0,4,21,0.2,0.6,80,0.0,0.0,0.1,0.8564046031329926,0.4276473968160671,0.9416257894378995,0.2766479534899387,841.0
0.25,1.6,8,17,0.1,0.55,100,0.0,0.005,1.0,0.8564749639764042,0.45253073944655886,0.8528522896468376,0.30798227656788596,440.2
0.2,1.8,4,7,0.2,0.65,80,0.0,0.0,0.3,0.856347929915709,0.43299321872607466,0.9279243229506063,0.28238403734017814,830.8
0.15,2.0,3,13,0.4,0.65,100,0.01,0.005,0.3,0.8559642324071305,0.41010648154240403,0.969385330237843,0.26006519854645793,985.0
0.3,1.4,3,11,0.3,0.6,130,0.01,0.001,1.0,0.856047915164534,0.45714375735123197,0.7543721255114906,0.32794604555891194,981.4
0.1,1.6,5,5,0.3,0.6,130,0.005,0.0,1.0,0.8563835218879708,0.4062382764637613,0.9747374779189117,0.25658957315448727,591.8
0.33,2.2,4,7,0.3,0.65,50,0.0,0.005,0.3,0.8470886228860129,0.4490521899574927,0.8006852553970546,0.3120394466021662,201.0
0.2,1.6,4,13,0.42,0.45,100,0.02,0.001,0.1,0.8561585527354797,0.43883952558042083,0.9109405060296618,0.28904664679037395,840.6
0.2,1.6,8,19,0.2,0.45,90,0.02,0.005,0.1,0.8562933267536069,0.43900850956594084,0.9097273416903425,0.28932451261334985,557.2
0.3,1.6,7,21,0.15,0.45,100,0.02,0.0,0.1,0.856266292973282,0.4569787727720039,0.7894115181475543,0.321574584339566,617.4
0.1,1.4,8,21,0.2,0.45,110,0.02,0.005,0.1,0.8562503631743092,0.40900262048026076,0.9710980103656656,0.25905667325017345,480.8
0.25,2.2,5,11,0.3,0.45,110,0.005,0.001,0.1,0.8562737526215439,0.4388610871668006,0.9137233661395218,0.2887860870061113,820.2
0.33,1.4,4,17,0.3,0.6,120,0.001,0.001,1.0,0.8560861541639516,0.45459235376428825,0.6924295194070389,0.338382334566676,684.0
0.15,1.8,8,13,0.42,0.55,110,0.001,0.001,1.0,0.8563174456809873,0.4167786825762111,0.9604653981675083,0.26613624005314696,449.4
0.3,1.4,5,9,0.3,0.35,90,0.01,0.0,0.3,0.8565821312428197,0.457446265438898,0.7460942861515513,0.329859981668856,750.6
0.1,1.4,5,15,0.4,0.6,80,0.001,0.001,1.0,0.8564842113717053,0.4093398887846876,0.9710980358303776,0.2593271474902793,695.8
0.33,1.8,4,7,0.3,0.65,120,0.01,0.001,0.7,0.8563901109598611,0.4570060416739442,0.7865568220854426,0.32207962936988654,821.4
0.1,1.4,6,19,0.3,0.45,80,0.02,0.001,0.1,0.8562524477636704,0.40913436093488986,0.9705984181830265,0.2591974124223964,647.2
0.1,1.8,6,21,0.42,0.6,90,0.02,0.0,0.1,0.8563633668248753,0.4044725682407382,0.9774492150884531,0.2549967066684977,613.0
0.25,1.6,5,13,0.3,0.55,50,0.01,0.0,1.0,0.8563797189638598,0.4528330399582555,0.8526382587433725,0.3082906378090599,690.4
0.3,1.6,5,19,0.2,0.35,110,0.02,0.001,1.0,0.8564874704979164,0.45714454406418686,0.7896963664147952,0.3216950824676429,671.8
0.2,2.2,8,21,0.1,0.45,60,0.01,0.001,0.5,0.8560700780992011,0.423062380089657,0.9484045212086674,0.2722692396339773,534.4
0.3,1.8,4,9,0.4,0.65,110,0.02,0.0,0.1,0.8563182505193891,0.45570668410749826,0.8235223655291325,0.31502221540430075,835.8
0.1,1.6,8,13,0.3,0.65,120,0.001,0.005,1.0,0.8564243459134666,0.4062669062134658,0.9750944167855231,0.2565880622232168,376.2
0.15,1.8,7,13,0.15,0.6,90,0.02,0.001,1.0,0.8564780510555984,0.4172314454228322,0.9613929757629419,0.26643101455890833,508.4
0.3,2.2,6,21,0.2,0.6,50,0.005,0.001,0.1,0.8534930305091148,0.44965620546067847,0.8352227640264089,0.3077351208837286,277.2
0.25,2.2,5,3,0.4,0.6,90,0.02,0.005,0.3,0.8514419619094186,0.4302363668339561,0.915793188851651,0.2812203995340142,309.8
0.33,1.4,7,17,0.15,0.65,110,0.001,0.005,0.3,0.8564094405888374,0.4537286502961694,0.6884332657754527,0.33840594731646495,393.6
0.1,2.2,8,5,0.15,0.35,120,0.005,0.001,0.3,0.8566057427882274,0.3990099094185981,0.9805893960356027,0.2504643944018542,670.6
0.25,1.6,6,19,0.4,0.6,50,0.001,0.005,0.3,0.8565038419725044,0.45257505439859036,0.8532805297067508,0.30796563990145354,589.4
0.3,1.8,8,17,0.4,0.6,100,0.001,0.001,1.0,0.8564038549916224,0.4566946172054358,0.821096240568189,0.31632543851472333,496.8
0.2,2.2,5,11,0.4,0.6,80,0.001,0.001,1.0,0.8525725796392031,0.418550812896726,0.9489046990796799,0.268514374062118,343.4
0.2,1.6,5,11,0.42,0.45,120,0.005,0.001,0.5,0.8562033051862284,0.43966569477799977,0.9095844846566198,0.2898993890396414,730.0
0.3,1.8,5,5,0.4,0.65,110,0.01,0.001,0.3,0.8564837851653593,0.45540535606872246,0.822523283022702,0.31487875891368183,561.4
0.2,1.4,5,5,0.2,0.6,90,0.01,0.0,0.3,0.8564681847517143,0.44614940133125736,0.8852501767887624,0.2982335464761504,709.6
0.3,1.8,7,11,0.15,0.35,80,0.001,0.0,1.0,0.8565233304298525,0.45635885239982754,0.8195973112320006,0.3162264749834858,604.2
0.15,1.6,3,5,0.3,0.55,120,0.0,0.005,0.3,0.8560977643967582,0.419398702084057,0.955826593460713,0.26863819076654255,995.0
0.1,2.2,4,15,0.42,0.6,120,0.001,0.001,0.5,0.8502927177539144,0.3886008637787908,0.9864410595051748,0.2420137068881174,316.0
0.2,1.4,3,21,0.15,0.65,50,0.001,0.001,0.3,0.85600678857306,0.4435272741876538,0.8845368847439129,0.2959758019736149,997.0
0.1,2.0,6,7,0.42,0.55,50,0.0,0.001,1.0,0.8564301556675827,0.4020497213866599,0.979590109811477,0.25293097407423515,664.6
0.3,1.4,5,11,0.3,0.65,130,0.01,0.0,1.0,0.8563431474291507,0.45786083873828637,0.7520889339784054,0.32912980416788395,568.0
0.25,1.8,4,5,0.2,0.45,120,0.005,0.005,0.3,0.8562979338630792,0.447034176434721,0.8779715981882367,0.29986819476567017,816.0
0.1,1.8,5,21,0.42,0.45,70,0.02,0.005,0.7,0.8563984904499005,0.4042660927681555,0.9770924290101128,0.25485696416120845,857.0
0.25,2.2,5,5,0.3,0.35,70,0.001,0.001,0.5,0.8566443578465908,0.4380625049935126,0.9140088764892719,0.2880702528862824,902.0
0.15,1.4,5,15,0.15,0.6,90,0.005,0.001,1.0,0.8565203735824364,0.4274557410194465,0.9405556858499982,0.27658380252409404,641.0
0.33,2.2,3,11,0.42,0.55,80,0.0,0.005,0.1,0.8461000249588511,0.4509341425654119,0.8138140459785745,0.311920725353192,420.2
0.25,1.8,4,15,0.42,0.65,90,0.0,0.005,0.5,0.856237627794504,0.4469425319010335,0.8770436895515488,0.2998914364108731,750.4
0.2,2.2,4,9,0.15,0.6,70,0.01,0.005,1.0,0.8503438773266504,0.4197713486278264,0.94933276088661,0.2694664321795459,375.4
0.2,2.0,8,19,0.3,0.65,80,0.001,0.005,1.0,0.8563078609742835,0.4276827491596668,0.9372727497279734,0.27705462145731224,500.8
0.1,2.2,6,19,0.42,0.55,60,0.02,0.0,0.1,0.8535306924209556,0.38992680076688124,0.9864411868287343,0.24304195431308157,256.2
0.3,2.2,4,21,0.4,0.45,70,0.005,0.005,0.7,0.8562557967929936,0.4494554887474413,0.8664108991004081,0.3034387326766149,872.8
0.1,1.6,8,21,0.3,0.35,130,0.01,0.0,0.7,0.8566535653979489,0.4059408575026783,0.9756651828379047,0.25628777561271127,497.6
0.15,2.2,6,17,0.4,0.35,130,0.01,0.005,0.5,0.8566328544400473,0.4091507142673153,0.9716689292063185,0.2591360914454929,624.0
0.33,1.4,6,11,0.1,0.45,60,0.0,0.001,0.5,0.8562861672139167,0.4539280554560152,0.6911447228331632,0.3379743420020731,584.2
0.33,1.4,7,3,0.1,0.6,50,0.005,0.001,0.3,0.8564319881907008,0.45434322895054857,0.6904310997470591,0.33860097177959614,494.8
0.15,2.0,5,15,0.3,0.6,110,0.0,0.005,1.0,0.8565140367294681,0.4122465710375594,0.9666736949271494,0.26198882436453147,709.6
0.15,1.8,3,7,0.4,0.6,130,0.001,0.005,0.3,0.8560062855814431,0.4140833311960864,0.9646754025907288,0.2636227595871234,995.6
0.1,1.4,5,17,0.42,0.65,110,0.02,0.001,0.3,0.8564058509329057,0.4085448836280442,0.9715261740314434,0.25865917145743644,543.8
0.15,2.0,5,7,0.2,0.45,60,0.0,0.005,0.7,0.8562867472705176,0.41231124933921615,0.9668164501020243,0.26202883154667667,787.4
0.3,1.4,4,9,0.1,0.35,50,0.01,0.005,0.1,0.8562223422292432,0.45723420923300484,0.7498759741207225,0.32890584601315814,767.2
0.15,1.4,6,17,0.15,0.65,80,0.0,0.0,1.0,0.8564454700865557,0.4270860208769741,0.9404840281507297,0.27627712949897976,498.6
0.2,1.6,8,21,0.2,0.65,100,0.001,0.001,0.3,0.8563028764373662,0.4386804880026576,0.9091564737791135,0.2890902463197963,385.8
0.33,2.2,4,15,0.2,0.55,50,0.02,0.005,0.3,0.8502937452214961,0.4515046634888552,0.8117448089548187,0.312758919345856,373.0
0.33,2.0,7,17,0.1,0.55,110,0.02,0.001,0.7,0.8564969371645624,0.4568122748059169,0.8114625071587671,0.31789737703231236,543.0
0.25,1.6,5,15,0.15,0.65,120,0.001,0.0,0.5,0.8564071760682168,0.45231140155309524,0.8533518818294766,0.30771545489524094,599.6
0.33,1.6,6,3,0.4,0.6,110,0.02,0.005,0.3,0.8564097843544778,0.45766548257544803,0.7468789303191263,0.329928714968473,543.0
0.25,1.6,5,9,0.2,0.35,120,0.005,0.0,1.0,0.8565600392801456,0.4529937893712222,0.8554213480356394,0.30807490126880865,746.2
0.33,1.6,3,11,0.3,0.65,50,0.0,0.0,1.0,0.8559560451656415,0.45708338416451005,0.7520170725614419,0.32833016576757834,996.2
0.33,2.2,4,17,0.15,0.55,90,0.0,0.0,0.3,0.8503561687861133,0.4512263357891417,0.8116734568320931,0.31250552974359697,349.2
0.33,1.4,8,17,0.15,0.65,80,0.01,0.0,1.0,0.8563450556063177,0.45346028607163796,0.6871490548899504,0.3384109777623476,407.8
0.2,1.8,6,17,0.4,0.55,90,0.005,0.001,1.0,0.8565231646678676,0.43325154101007135,0.9265683779717,0.2827302941725757,572.4
0.25,2.0,3,17,0.2,0.45,100,0.005,0.001,0.1,0.8558712751784296,0.44068304575666045,0.9005932259282714,0.2917233888489149,999.8
0.3,1.6,8,7,0.1,0.55,130,0.02,0.005,0.7,0.8563507079808452,0.45762137014935195,0.7892682027490174,0.3222335639235213,402.8
0.2,1.6,4,13,0.15,0.6,80,0.01,0.005,0.5,0.8563284108345556,0.43904976062232387,0.9094417804111685,0.2893817882939228,774.8
0.2,2.0,8,17,0.3,0.45,100,0.001,0.0,1.0,0.8562936535919873,0.42805170835484835,0.9359882078012163,0.27748189984441013,644.2
0.25,1.6,7,3,0.4,0.35,60,0.0,0.0,0.7,0.8565455774126434,0.4525997025569602,0.8554925473700937,0.30770412277536396,556.0
0.15,1.6,3,7,0.1,0.45,130,0.01,0.001,0.1,0.8559382759098113,0.419315152772024,0.9553271540663453,0.26860802367093356,999.4
0.3,2.2,6,17,0.1,0.35,130,0.02,0.001,0.1,0.8566081898677856,0.4505760628313931,0.8696936824341617,0.3040583029340751,739.4
0.1,2.2,8,11,0.4,0.55,50,0.02,0.005,0.7,0.8542559461527202,0.3903150654340983,0.9862271813899811,0.243363661822421,351.6
0.15,1.4,3,19,0.15,0.45,80,0.02,0.005,0.5,0.8559360246271638,0.4255118767535258,0.9433384186362985,0.2747173145377935,994.4
0.2,1.8,6,5,0.2,0.6,120,0.02,0.0,0.3,0.8563936881250509,0.43317429393019713,0.9259978411017258,0.2827170532726623,569.8
0.2,1.4,8,3,0.1,0.6,110,0.01,0.005,0.7,0.8564688177783601,0.44666507739445016,0.8852503041123219,0.2986946712706282,502.8
0.1,1.4,8,7,0.1,0.6,110,0.005,0.005,0.1,0.8563641046595037,0.40930724597559925,0.9712407655405407,0.25929073879446757,428.4
0.3,1.4,4,9,0.42,0.65,120,0.005,0.0,0.1,0.8563530732025721,0.4573525401104613,0.7528732980341497,0.3284567548514392,720.2
0.33,1.8,7,21,0.42,0.35,70,0.005,0.0,0.3,0.8565461775713052,0.4568778203300348,0.7779215854940779,0.32342371988813906,652.8
0.3,1.6,8,15,0.1,0.55,70,0.02,0.0,1.0,0.8564248581771408,0.457490852736892,0.7870560577621154,0.32247673428138907,535.2
0.25,2.2,5,15,0.42,0.45,60,0.02,0.005,0.5,0.8563879571589312,0.4389216180929423,0.9129384673248275,0.28891568386626526,907.0
0.1,1.4,6,9,0.1,0.55,110,0.005,0.0,0.5,0.8565385506126397,0.40896962043818974,0.9708840303916244,0.25904865439644775,537.2
0.25,2.0,4,13,0.4,0.6,110,0.001,0.005,1.0,0.8562713097272979,0.4431777477001635,0.8985234796102779,0.29413042203505774,858.0
0.33,2.0,3,21,0.2,0.45,60,0.0,0.001,0.3,0.8558896583326998,0.45535332007647167,0.8184555499448308,0.31542538925163727,998.2
0.25,1.6,8,15,0.2,0.55,60,0.0,0.0,0.5,0.856355202312729,0.45254123292423926,0.8542796631426052,0.3078062902450257,423.0
0.25,1.8,5,5,0.15,0.35,70,0.01,0.001,1.0,0.856564883434005,0.44756514405769454,0.8810400959714062,0.299989653479755,679.8
0.3,2.2,6,5,0.1,0.35,100,0.02,0.0,1.0,0.85649218431635,0.44992425168892514,0.8691937592102679,0.30352742765354407,734.2
0.3,1.8,6,3,0.2,0.6,110,0.0,0.005,1.0,0.8564366138805297,0.4565843459439504,0.8220237672341986,0.31608161684756453,713.2
0.15,2.2,7,7,0.42,0.6,70,0.001,0.001,0.5,0.8540059305282423,0.4082495280561641,0.9707413516108849,0.2584908540555889,336.4
0.2,2.0,4,5,0.15,0.6,90,0.01,0.001,0.7,0.8564210840490676,0.4274824391368058,0.9396991293360356,0.27667708469668256,933.2
0.1,1.8,5,9,0.42,0.6,80,0.01,0.0,0.3,0.8563615146322936,0.40435861699495373,0.9778773787542306,0.2548772625767749,729.4
0.2,1.4,6,13,0.4,0.6,100,0.01,0.001,0.7,0.8564198734902744,0.4459109508012641,0.8866775248198181,0.29786024654310195,571.6
0.33,2.2,4,11,0.2,0.65,80,0.01,0.001,0.3,0.8470801835405897,0.4488294911249839,0.8006852553970546,0.31182778966624236,176.6
0.25,1.8,5,17,0.4,0.45,100,0.01,0.001,0.7,0.8563315188586079,0.44847148122633856,0.8766870817261918,0.30131617461181254,857.2
0.2,1.4,7,9,0.4,0.65,70,0.02,0.0,0.7,0.856509960792112,0.4453595940732075,0.8864633665927935,0.2973883365301349,445.2
0.33,1.6,6,11,0.42,0.35,110,0.01,0.0,0.5,0.8565811556418168,0.4580667138012256,0.7413127008051686,0.33145062175387957,713.4
0.15,1.8,8,7,0.42,0.6,110,0.0,0.001,1.0,0.8563174456809873,0.4167786825762111,0.9604653981675083,0.26613624005314696,449.4
0.25,2.2,6,19,0.4,0.6,130,0.0,0.001,1.0,0.853466489727728,0.4332482559972301,0.9108688737951054,0.2842450989356225,331.0
0.3,1.4,3,9,0.42,0.55,70,0.02,0.0,1.0,0.8559584584320673,0.456921885773714,0.7556566674382473,0.3274798660872823,961.8
0.33,2.0,5,15,0.1,0.35,60,0.005,0.0,1.0,0.8566070593998255,0.4568679297204386,0.8128178664493,0.3177389034873859,895.0
0.33,2.2,7,21,0.42,0.65,80,0.01,0.001,0.7,0.8538140909012037,0.4518561090736169,0.8092472809417257,0.313465546855444,335.8
0.25,2.2,8,19,0.15,0.55,50,0.01,0.0,0.5,0.8542958964483722,0.43661542783082224,0.9059445587385596,0.28762030290241913,307.0
0.25,1.4,3,7,0.2,0.55,100,0.01,0.0,1.0,0.8559888033059693,0.4549332293653715,0.8259484904900761,0.31393195668529994,995.0
0.25,1.8,6,5,0.3,0.6,100,0.0,0.001,0.1,0.8564371595787034,0.44792569718802167,0.8787565733970665,0.3005754899200633,604.8
0.33,1.4,3,13,0.42,0.35,70,0.001,0.005,0.3,0.8559517930999686,0.453802431711351,0.689575179850894,0.3382023267497633,997.8
0.3,1.6,5,19,0.3,0.6,80,0.01,0.005,0.3,0.8564799730566062,0.4574751343800374,0.790766877438087,0.32184051880992737,641.6
0.15,2.0,6,3,0.42,0.65,80,0.01,0.005,0.7,0.8564111198420707,0.4128875141860295,0.9683149465381107,0.26238597587200985,608.6
0.25,1.4,8,9,0.15,0.55,60,0.02,0.0,1.0,0.8564435989949282,0.4564678006302678,0.8220953485393313,0.31595793495677466,504.2
0.15,1.8,5,9,0.3,0.35,90,0.01,0.005,0.5,0.8566328100084772,0.41610914291772333,0.9620352467263202,0.2654682581577072,818.6
0.3,2.0,7,15,0.4,0.35,100,0.005,0.001,1.0,0.8565200695626111,0.4538257486515131,0.8451451654098558,0.31021156868005273,675.8
0.15,1.8,7,21,0.1,0.45,100,0.0,0.0,0.5,0.8562683310572258,0.4169195136260182,0.9603225665984976,0.26626135925364836,607.2
0.1,1.6,5,7,0.4,0.6,110,0.02,0.0,1.0,0.8564908186520144,0.40618124752091866,0.9746661767256098,0.256549458598259,630.6
0.25,2.0,4,17,0.42,0.65,70,0.02,0.0,0.7,0.8562205352367073,0.44299684695074204,0.8985947808035798,0.29396497790884457,827.2
0.2,1.6,4,13,0.3,0.65,50,0.005,0.0,0.7,0.8562232709510212,0.4387300255275153,0.9097989484601872,0.2890693252838651,694.6
0.15,1.6,6,19,0.4,0.6,110,0.01,0.001,0.7,0.8565283847625291,0.42165275632650345,0.951759216888808,0.27082109696948703,605.4
0.25,1.6,3,21,0.1,0.45,90,0.0,0.001,0.3,0.8558901060656702,0.45034830081288335,0.853851168435573,0.3058345940710832,986.6
0.3,1.8,4,17,0.4,0.6,130,0.02,0.0,1.0,0.8563613082066135,0.45602759337957666,0.8250209638240664,0.31511114795801476,758.6
0.1,1.8,7,13,0.4,0.35,120,0.02,0.0,0.7,0.8565634290193058,0.40393659242460667,0.9774493169473006,0.25457087140827817,661.6
0.1,1.6,5,3,0.3,0.55,100,0.0,0.001,0.1,0.8562960432056901,0.4060960930398646,0.9750228609451023,0.25645636977495406,581.2
0.15,1.6,8,21,0.42,0.55,110,0.001,0.005,0.3,0.8564392084650212,0.42170074349525966,0.9513309768288947,0.27089302941427457,441.8
0.15,1.6,3,21,0.2,0.65,90,0.02,0.005,0.3,0.8559425283894919,0.41887914847533236,0.9561834304684769,0.2681833720496833,978.6
0.2,1.8,5,21,0.2,0.65,60,0.001,0.001,0.1,0.8563389929963094,0.4327635959591536,0.9266397810238495,0.2823041411828623,625.8
0.2,1.6,8,7,0.15,0.45,100,0.001,0.005,0.7,0.8564899528677353,0.43983814965793033,0.909584637444891,0.2900523718316337,579.8
0.25,1.6,7,11,0.42,0.6,110,0.01,0.0,0.1,0.856409164458619,0.45216412387116717,0.852709890977929,0.30766227982485417,465.4
0.25,2.2,8,11,0.42,0.55,120,0.01,0.001,1.0,0.8542462268480886,0.4365180584624725,0.9053736398979069,0.287591698864151,251.6
0.1,1.4,8,17,0.42,0.55,60,0.02,0.001,0.3,0.8564688029830201,0.4090633855080852,0.971526224960867,0.2590764876414603,412.8
0.25,1.6,6,11,0.2,0.55,100,0.02,0.005,0.3,0.8565355794482168,0.4534009265976504,0.8538515504062513,0.3086625400799726,579.4
0.3,2.0,5,3,0.1,0.35,120,0.0,0.0,0.3,0.8566439903240773,0.4545930523509547,0.8481423619997235,0.31052023303739984,908.4
0.25,2.0,3,15,0.15,0.45,90,0.001,0.001,0.1,0.8559061839224803,0.4406606169223662,0.9014496551186744,0.29161384638367865,986.6
0.33,1.8,5,5,0.2,0.45,50,0.01,0.005,0.5,0.8562153000143973,0.4572818475665333,0.7865565929030357,0.3223535226279811,718.6
0.33,1.6,6,5,0.42,0.35,50,0.001,0.001,0.1,0.8567083659482488,0.45769853211853817,0.7413128281287282,0.33106734485694894,664.8
0.15,2.2,4,19,0.42,0.6,50,0.0,0.005,0.5,0.8503807206814162,0.40251010748401006,0.9731675784306759,0.25375957958467227,395.6
0.1,2.0,8,7,0.3,0.35,80,0.01,0.0,0.1,0.8565458206005232,0.40139403451886535,0.979090797740669,0.2524450072264599,561.0
0.1,1.8,5,11,0.15,0.6,70,0.001,0.0,1.0,0.8565032310779921,0.4042461041552616,0.9770924544748247,0.25484166575787104,717.6
0.3,1.4,7,7,0.3,0.55,80,0.001,0.001,1.0,0.8564759390261244,0.45734399693416783,0.7453803320241926,0.3298919092458137,510.0
0.33,2.0,4,5,0.1,0.45,60,0.02,0.005,0.7,0.856233512010012,0.45727555389915714,0.8165287625194072,0.31756838271911797,915.6
0.2,2.0,5,7,0.15,0.55,60,0.001,0.005,1.0,0.8563322967201511,0.42761394123941,0.9391991551827182,0.27683097535147255,717.8
0.3,2.2,5,3,0.42,0.55,80,0.02,0.005,1.0,0.8514382263790568,0.44958772868841573,0.835935928747699,0.30754679959848563,376.0
0.15,2.0,5,3,0.15,0.6,110,0.0,0.0,0.7,0.8563095511212973,0.4125425027914364,0.9673872670838296,0.2621753873429075,730.8
0.33,2.2,3,19,0.1,0.55,100,0.001,0.001,1.0,0.8460696600930078,0.45060079733441893,0.8129578205058667,0.31172611350681545,420.8
0.25,1.8,7,7,0.3,0.35,50,0.02,0.0,0.1,0.8565835121862545,0.4478711286591288,0.8821818063291523,0.30013303072749553,590.2
0.2,1.6,3,3,0.3,0.65,90,0.02,0.001,0.7,0.8559512255135789,0.4373443586330625,0.9107265260556205,0.2877786021490537,984.8
0.33,2.0,3,19,0.4,0.65,70,0.005,0.0,0.5,0.8559934759094435,0.4555240690278886,0.8161719764410671,0.3159320771229463,989.4
0.1,2.2,4,7,0.4,0.55,110,0.02,0.005,0.1,0.8503388310724802,0.3887471270499482,0.9861556510142723,0.24214769799816613,415.2
0.2,2.0,8,9,0.1,0.45,60,0.01,0.0,0.7,0.8562087820004614,0.4281055579411023,0.9377007606054797,0.2773727532559289,625.6
0.3,2.2,3,11,0.42,0.45,60,0.0,0.005,0.3,0.8558194451323707,0.44789608625114347,0.8676953900977413,0.3018645973715745,999.6
0.33,1.4,4,17,0.2,0.65,130,0.005,0.0,0.5,0.8563259093502292,0.45460234072240135,0.6914307679418631,0.3386420496442805,768.6
0.15,1.8,8,5,0.1,0.55,110,0.005,0.005,0.1,0.8564514269218041,0.4167327710001465,0.9621777472540763,0.26597097290901567,441.2
0.2,2.2,8,5,0.3,0.6,130,0.005,0.0,0.7,0.8542045183966644,0.42068384943115894,0.9478345700270664,0.27034582262641826,234.8
0.3,1.6,5,7,0.2,0.35,60,0.001,0.005,1.0,0.856590910581906,0.4571186519518779,0.7892682536784412,0.3217387416301324,792.2
0.1,1.4,3,9,0.1,0.6,100,0.01,0.0,0.3,0.8559578021597277,0.4077128423196479,0.9733815074752934,0.25786161311782696,971.2
0.1,2.2,8,15,0.15,0.55,80,0.01,0.005,0.5,0.8543097198431167,0.39020760495687246,0.986655294126335,0.2432502421926283,286.2
0.2,1.4,7,13,0.1,0.65,50,0.001,0.0,1.0,0.8565189456646509,0.4453998789717071,0.8858211720235507,0.29749533690403795,478.0
0.1,2.0,3,17,0.2,0.55,100,0.0,0.005,0.7,0.8559345235609941,0.39915843048446376,0.980803146827237,0.25056666259207716,997.0
0.1,1.8,4,11,0.4,0.55,80,0.01,0.001,1.0,0.8563843468176463,0.4036813128189438,0.977663220527206,0.25435387252397684,830.0
0.25,1.6,8,19,0.15,0.45,50,0.01,0.0,0.3,0.8562493175224413,0.45250443957650094,0.8530663714797264,0.3079291155525127,582.2
0.3,1.8,8,3,0.2,0.35,110,0.005,0.0,0.3,0.8567706554909484,0.4569044228014915,0.8233081818373961,0.3161957834233381,658.4
0.3,1.6,6,17,0.1,0.45,90,0.0,0.0,0.3,0.8563407364867551,0.45730356154618707,0.7929793534662439,0.3213131885616459,643.2
0.3,2.0,8,13,0.3,0.35,60,0.02,0.0,0.7,0.8565810143364511,0.45441812993468866,0.8462869266970257,0.3106135486288153,586.4
0.1,2.2,7,3,0.3,0.45,80,0.005,0.001,0.5,0.8564652317358981,0.3992242875303508,0.9808034014743559,0.25061891198129105,757.6
0.25,1.8,5,17,0.2,0.45,60,0.001,0.0,1.0,0.8562738621920957,0.4469597978820544,0.8771864701911356,0.2998906633778795,751.0
0.1,1.6,3,7,0.3,0.6,100,0.01,0.0,1.0,0.8559978762344066,0.4050812063102584,0.9765213828459005,0.25554385008475816,929.0
0.2,1.6,6,11,0.3,0.55,60,0.0,0.0,0.5,0.8564457604058593,0.4391156881784316,0.9106549956799116,0.28931531835517804,542.4
0.33,2.2,3,9,0.2,0.45,60,0.001,0.001,0.7,0.8558627669384474,0.4528810189652613,0.839650007906793,0.31006640212148107,999.6
0.3,1.4,8,11,0.2,0.45,50,0.01,0.001,1.0,0.8561480542272702,0.45697526403945965,0.7478781656138281,0.3290260627761687,475.0
0.33,2.2,4,5,0.3,0.35,70,0.0,0.0,0.1,0.8564368987980485,0.4551849618050408,0.8379373277789703,0.31247051777871493,986.8
0.15,1.6,4,15,0.2,0.35,90,0.0,0.0,0.1,0.8564973586475411,0.42013265815518713,0.9563976396249251,0.2691938076139768,831.4
0.15,2.0,4,5,0.2,0.35,50,0.01,0.0,0.3,0.8563731561335182,0.4113577385028617,0.9688859163081871,0.2611089584088457,857.2
0.3,2.0,8,15,0.3,0.35,110,0.01,0.0,0.5,0.8566981058624334,0.4539468026514323,0.8462154727154523,0.31017618114106027,622.4
0.15,1.6,5,11,0.3,0.45,50,0.02,0.005,1.0,0.8562795852371448,0.42124016962343214,0.9527581720716791,0.27039740553451874,776.6
0.15,1.8,6,15,0.4,0.6,50,0.0,0.001,0.7,0.8564902777505546,0.41699259458268506,0.9611789193947649,0.26625569668557436,651.2
0.15,2.0,4,19,0.15,0.65,50,0.01,0.005,0.5,0.8561998749976727,0.4119549525724464,0.9674586192065553,0.2616946015384397,810.2
0.25,2.2,6,13,0.4,0.65,100,0.01,0.001,0.3,0.8530758050831067,0.43169395838397506,0.9122248442387235,0.28277627351493284,219.4
0.1,1.8,7,9,0.1,0.55,50,0.01,0.005,0.5,0.8563471529876013,0.40442173633770856,0.9773778375010153,0.2549615399755314,543.8
0.3,1.6,4,5,0.15,0.45,90,0.02,0.005,0.1,0.8562170542224121,0.4576226881518962,0.7961192543015627,0.3211111907764155,818.6
0.15,2.2,6,13,0.15,0.45,80,0.02,0.001,0.5,0.8563858751030674,0.41067989102784186,0.9700277539894928,0.26048239280168267,746.0
0.3,1.4,8,13,0.4,0.65,70,0.02,0.0,0.7,0.8563457441977939,0.4576072782165784,0.7468078328435196,0.3298884365361385,406.8
0.3,1.8,4,17,0.1,0.35,50,0.001,0.005,0.3,0.8563701297102007,0.4561843368110347,0.8233083091609557,0.31551366983053436,914.4
0.1,2.2,6,3,0.2,0.65,80,0.001,0.001,0.3,0.8506150677543628,0.3894150433352547,0.9867267481079083,0.24262998808422434,259.4
0.2,1.4,3,7,0.4,0.45,60,0.02,0.001,0.1,0.8559046043536611,0.44414249558088803,0.8876765563968247,0.2961711244179722,986.4
0.2,2.0,7,5,0.2,0.55,100,0.001,0.0,0.7,0.856426968993057,0.42826498701648674,0.9379150461560635,0.27748703121543256,570.0
0.33,2.0,8,13,0.15,0.65,100,0.001,0.005,1.0,0.8563276181097746,0.4570620647495801,0.8118901869950188,0.3180691249208899,511.8
0.15,2.0,5,11,0.15,0.45,50,0.02,0.001,1.0,0.8562843200399218,0.41245892634811454,0.967173134321517,0.2621222135902507,786.0
0.1,1.6,7,13,0.4,0.45,60,0.01,0.0,0.5,0.8562325612121914,0.4064149209129516,0.974808906435773,0.2567256836943468,566.6
0.33,1.4,4,13,0.2,0.45,60,0.005,0.001,0.1,0.8562125097137063,0.453939367205196,0.6926436521693514,0.3376193409910477,801.4
0.2,1.6,4,5,0.2,0.55,60,0.0,0.0,0.7,0.8562358652524249,0.4387834571435175,0.910084051374547,0.2890841127380119,708.6
0.25,2.0,4,15,0.3,0.6,100,0.02,0.001,0.1,0.8563568901252057,0.44338045095227335,0.898380877223674,0.29432500323959765,844.8
0.25,2.2,8,9,0.15,0.6,60,0.0,0.001,0.1,0.8542048467846939,0.43622923485997533,0.9062299672294623,0.2872568716573306,282.6
0.2,1.8,3,5,0.2,0.45,110,0.001,0.005,0.1,0.8558259543562329,0.43117308138515253,0.9321345820209459,0.280453933540152,997.0
0.3,1.4,5,21,0.4,0.6,50,0.01,0.005,0.3,0.8563596698021033,0.45774757699792545,0.7503043924336192,0.32934669739379396,569.4
0.3,2.0,4,3,0.1,0.55,80,0.001,0.001,1.0,0.8563340981417786,0.4529846639689115,0.8465010339946264,0.3092437762154895,807.4
0.33,2.2,5,11,0.2,0.45,60,0.0,0.001,1.0,0.8563231497283879,0.4552694133570028,0.8373668418384199,0.31262884459478535,792.2
0.3,2.0,4,3,0.2,0.35,110,0.0,0.001,1.0,0.856349139044374,0.4536352190463438,0.848213739587161,0.3096198495978111,876.6
0.25,1.6,3,3,0.15,0.45,90,0.0,0.001,0.1,0.8558398039068171,0.4503448211405431,0.8533515507882219,0.30589452609244533,999.2
0.2,2.0,6,17,0.42,0.55,60,0.02,0.001,0.3,0.8563399745888015,0.42794471725604577,0.9395562213728892,0.27707843379963715,594.8
0.2,2.0,5,7,0.3,0.35,90,0.01,0.001,0.5,0.8565132696476729,0.4268963841203345,0.9424821676988788,0.2759473874143505,732.2
0.15,1.8,7,3,0.15,0.35,60,0.005,0.005,0.7,0.8566138316075212,0.41558385993350744,0.9625347370501117,0.2650020919223221,648.2
0.3,1.6,7,3,0.3,0.65,110,0.02,0.005,0.7,0.8564201045828683,0.45690469954941026,0.7917659854092294,0.3211136781523898,546.4
0.3,1.6,6,11,0.1,0.6,50,0.02,0.005,1.0,0.8564118698159016,0.45779873153952205,0.7900534326049662,0.32228135133062513,611.4
0.3,2.2,4,5,0.3,0.45,70,0.001,0.0,0.3,0.8562605287535983,0.44983166979608524,0.865697276014304,0.3038745770097563,980.2
0.1,2.0,3,15,0.15,0.45,90,0.005,0.005,0.1,0.8558826895386726,0.4001805964371409,0.9802322025218724,0.2514101956921385,983.2
0.1,2.0,7,15,0.4,0.55,90,0.02,0.001,0.1,0.856497216377576,0.4023055357400924,0.980089727458828,0.25310012399463344,607.4
0.33,2.2,7,19,0.3,0.35,110,0.001,0.0,1.0,0.8565809657029243,0.4555563929374523,0.835083064616961,0.313219213018228,681.8
0.3,2.2,3,5,0.4,0.35,90,0.02,0.001,0.7,0.855905148045401,0.4480916292246155,0.8719771286143656,0.3015295914227655,999.4
0.2,2.0,8,17,0.4,0.65,120,0.0,0.0,0.5,0.8562544904155255,0.4278310794541273,0.937130274664929,0.2771962979813351,505.2
0.25,1.6,7,21,0.42,0.6,50,0.01,0.001,0.3,0.8563906716872349,0.4528404823084077,0.8542796376778933,0.3080830026305871,474.0
0.1,2.0,5,13,0.1,0.55,90,0.005,0.001,0.7,0.8564947338737102,0.4017377510821089,0.9794474055660258,0.2526935336575442,714.8
0.33,1.4,4,7,0.2,0.6,100,0.005,0.005,0.7,0.8562740478490477,0.45476972813140415,0.6920725550757155,0.33868203995557655,760.8
0.3,1.4,4,17,0.15,0.6,120,0.02,0.001,0.1,0.8563098097624928,0.4580136618822688,0.7528020477702716,0.32914754728312196,710.6
0.3,1.6,3,11,0.42,0.65,110,0.001,0.005,1.0,0.8559584156677682,0.4568625271749977,0.7951916003119937,0.3205120168644625,945.8
0.1,1.6,4,9,0.1,0.45,50,0.01,0.0,0.5,0.8563534484318552,0.40614516654903543,0.9754510246108801,0.25646511595750016,848.4
0.33,1.6,5,13,0.3,0.65,110,0.0,0.005,0.1,0.8563824485205892,0.4570862523360509,0.7495908966710746,0.32880241402941557,548.4
0.15,1.8,6,21,0.3,0.45,120,0.02,0.005,0.5,0.8563708043755295,0.41711999100822456,0.9598231526688419,0.26646113469585064,720.8
0.2,1.6,5,5,0.2,0.35,110,0.0,0.0,1.0,0.856454403906627,0.438475999156121,0.9115114757997385,0.28867709105825123,669.4
0.15,1.6,8,9,0.42,0.45,90,0.01,0.005,0.1,0.8562933267536069,0.4216630246324954,0.9521156719258936,0.2708081658166465,557.2
0.33,1.4,6,7,0.42,0.45,50,0.001,0.001,1.0,0.8561803800146098,0.4532603364191611,0.6888613021176709,0.3377697441786316,627.4
0.2,1.8,6,15,0.2,0.6,90,0.001,0.001,0.5,0.8563826822380074,0.4332691056559471,0.9256405711938596,0.28283374867967664,609.4
0.33,2.2,7,15,0.4,0.35,50,0.02,0.005,0.5,0.8565139513195795,0.45564883557004404,0.8340841094340901,0.3134478428254185,824.2
0.3,2.2,7,11,0.2,0.35,120,0.0,0.001,0.5,0.8566114970115265,0.45047987109730797,0.8693368454263976,0.30401646374956764,675.6
0.33,1.8,5,11,0.42,0.55,80,0.001,0.005,0.3,0.8563464654525532,0.45739136033558825,0.7838449066629183,0.3229209089020731,701.6
0.1,2.2,6,13,0.42,0.45,50,0.01,0.001,0.5,0.8563436617375959,0.3993622142892473,0.9809460293256714,0.2507181047194988,754.4
0.25,2.0,6,3,0.4,0.65,80,0.005,0.005,0.3,0.8562877476838449,0.44257754584433256,0.896810850411879,0.2937875020587654,549.4
0.33,2.2,8,17,0.42,0.55,130,0.005,0.0,1.0,0.8542390638599858,0.45406332406962147,0.8081763624830437,0.3157920746821701,225.0
0.15,1.8,3,17,0.15,0.55,130,0.001,0.005,0.5,0.8560554035193043,0.4140802309105151,0.9648894844236177,0.2636043455908855,993.0
0.33,1.4,4,13,0.15,0.55,110,0.005,0.001,0.5,0.8563044888517541,0.4540291097861881,0.6910026042760853,0.33811631515160084,720.6
0.3,1.8,6,5,0.3,0.35,60,0.01,0.0,1.0,0.8566873988458198,0.4571399292285432,0.8225944059630207,0.31653048617147206,702.4
0.1,2.0,7,11,0.3,0.35,70,0.001,0.0,0.5,0.8565362725203564,0.40137641761826337,0.979090797740669,0.2524309863755162,636.2
0.25,2.2,6,7,0.2,0.45,60,0.01,0.001,0.3,0.8563747363711964,0.4393041384730303,0.9140803050061331,0.28913763961222994,761.0
0.2,1.4,3,17,0.2,0.45,70,0.02,0.0,0.7,0.8558898762066647,0.4439964903984525,0.8877478575901266,0.2960351507884841,999.0
0.1,1.6,7,15,0.42,0.6,110,0.01,0.001,0.7,0.8563186875522855,0.40640465283100635,0.9748088300416373,0.25671703378837873,503.8
0.1,1.4,7,9,0.42,0.55,50,0.005,0.005,0.3,0.8562873455352301,0.4089782408236774,0.9713834952507039,0.2590172451440485,475.0
0.1,1.4,8,9,0.15,0.55,90,0.001,0.0,0.7,0.856399730904452,0.4090478984224425,0.9714547455145819,0.25907062748464904,398.2
0.3,2.2,5,7,0.1,0.35,90,0.005,0.001,1.0,0.8565905314227159,0.4503741076301065,0.8691226362699492,0.3039485572162836,815.0
0.3,2.2,5,15,0.42,0.45,100,0.01,0.001,0.3,0.8563894049577281,0.4505337830800668,0.8663396997659539,0.30443711210895524,771.0
0.15,2.0,3,9,0.15,0.45,80,0.0,0.005,1.0,0.8559155509301373,0.4106272158805229,0.9694567078252806,0.2604792033556874,996.4
0.15,1.4,5,3,0.3,0.55,130,0.02,0.0,1.0,0.8563769700395165,0.42732010699627576,0.9398419099756226,0.27652970989086395,653.6
0.1,1.4,8,3,0.1,0.35,110,0.01,0.001,0.1,0.8565771257910404,0.40859808978800344,0.9724538534857243,0.2586362865081032,586.8
0.3,1.8,6,7,0.15,0.35,90,0.01,0.005,0.1,0.856662076686939,0.45660073176806437,0.8211673125790838,0.3162252574990517,659.6
0.33,2.2,5,21,0.4,0.45,110,0.0,0.005,1.0,0.8563119345801237,0.4552775551648153,0.8358678870375194,0.31284572896142326,880.4
0.1,1.8,3,5,0.3,0.45,80,0.005,0.005,0.3,0.8558795862777634,0.4027193221612885,0.9785195478587616,0.2535320399272641,999.0
0.2,2.0,5,7,0.1,0.65,120,0.001,0.005,0.7,0.8563742200295705,0.4272470116030619,0.9398419354403345,0.2764724646910722,695.4
0.2,1.6,3,3,0.42,0.35,60,0.02,0.005,0.7,0.8559321304574528,0.436346390341982,0.9160070415021329,0.28639226266465834,968.6
0.15,1.4,7,5,0.42,0.35,90,0.001,0.001,0.5,0.8564949567344133,0.4270202597865495,0.9409837221922162,0.27617966275914496,562.6
0.2,2.0,3,5,0.15,0.35,90,0.005,0.005,0.5,0.8559192453629011,0.42433806413003294,0.9444801544587564,0.27364250825480857,992.6
0.25,1.4,3,3,0.1,0.45,70,0.005,0.001,0.7,0.8558996514734002,0.4548080404123926,0.8278039512574857,0.31354334678824763,985.6
0.3,1.8,8,5,0.2,0.55,70,0.0,0.001,0.7,0.8563275507809509,0.4571598065295722,0.8214532303642244,0.3167219087233361,581.0
0.25,1.8,6,17,0.3,0.45,60,0.001,0.005,0.1,0.8564747629391753,0.4482972469706243,0.87754317987534,0.3010539848327237,669.4
0.15,1.4,6,21,0.3,0.65,120,0.001,0.005,0.7,0.8564804090931613,0.4271075581837046,0.9396277262838861,0.2763692855892562,476.4
0.2,2.2,3,7,0.3,0.6,60,0.01,0.001,0.1,0.8460462881818698,0.4069231353997217,0.9651047885626773,0.25795826163299695,421.6
0.1,1.8,8,13,0.1,0.65,80,0.005,0.005,1.0,0.8563737694037676,0.404723777552196,0.9778774296836545,0.2551676262300308,476.0
0.33,2.2,3,15,0.42,0.45,120,0.005,0.005,0.7,0.8559388211761144,0.45285440167302243,0.8377945726040952,0.3102959654291073,996.6
0.15,2.2,7,3,0.1,0.45,130,0.01,0.001,0.3,0.8563981159832661,0.41038783273337975,0.970098953323947,0.26023959317305534,718.4
0.1,2.0,5,9,0.2,0.55,50,0.02,0.0,1.0,0.8563656607711045,0.40168683204576194,0.9795187831534633,0.25264789754916267,709.4
0.33,2.0,6,9,0.1,0.6,120,0.02,0.001,0.1,0.856425035694581,0.4574607214881656,0.813745775085988,0.3181731999077808,636.6
0.25,2.0,5,5,0.3,0.35,60,0.01,0.001,0.1,0.8564739360067802,0.4426367361711937,0.8994514391763897,0.2935629923885962,775.6
0.3,2.2,3,5,0.4,0.65,90,0.02,0.005,0.3,0.8349605467424022,0.43918911083528495,0.8082509486241799,0.3015670896244515,36.0
0.33,2.0,5,13,0.1,0.45,120,0.005,0.005,1.0,0.8562602756778007,0.45698174723704577,0.8156725115819876,0.31741357539055964,688.2
0.3,2.0,8,13,0.42,0.6,60,0.0,0.005,0.3,0.8563175469457807,0.4540266232639881,0.8458589412842311,0.3103028352977735,628.8
0.1,1.8,5,11,0.4,0.65,100,0.0,0.0,0.3,0.8562625740771501,0.40428685456492347,0.9773778375010155,0.25485378273652304,721.0
0.25,1.6,8,15,0.1,0.55,80,0.001,0.0,0.7,0.8564291253272321,0.45245954800475463,0.8530663460150146,0.3078895236572901,438.0
0.15,2.0,4,13,0.1,0.6,50,0.02,0.0,0.7,0.8562999399667671,0.4119528795525992,0.9674586446712672,0.2616938876452165,837.8
0.25,2.2,7,7,0.3,0.35,130,0.0,0.005,0.7,0.856532249111822,0.4381795224858246,0.9147222703929689,0.28809760121220906,635.8
0.3,2.0,7,7,0.42,0.65,70,0.001,0.0,0.7,0.856463662762548,0.4534450717182484,0.8466437127753659,0.3096545681808292,526.6
0.33,2.2,7,13,0.4,0.6,110,0.02,0.005,0.3,0.8539603000029439,0.45360484924464706,0.8091042965844437,0.3151903571953711,243.6
0.2,2.0,5,11,0.3,0.45,70,0.01,0.005,1.0,0.8563753712087381,0.427836854352926,0.9397703795999138,0.2769694370230139,795.6
0.2,2.2,5,19,0.42,0.45,80,0.001,0.005,0.5,0.8563797823286821,0.4233195206911822,0.9484767391315974,0.27246762500464256,840.6
0.33,1.8,8,7,0.42,0.45,130,0.02,0.005,0.5,0.8563927510418321,0.4576686034734781,0.7834169721795476,0.32326556906719434,541.2
0.33,1.4,5,19,0.3,0.65,110,0.02,0.001,0.7,0.8563341410795756,0.45337582775116364,0.6902888793311337,0.337566941968849,528.6
0.1,2.2,3,3,0.3,0.45,50,0.0,0.0,0.5,0.8558492031616168,0.397572814054865,0.982301694192747,0.2492215132766491,999.8
0.15,1.8,8,11,0.15,0.35,90,0.001,0.005,0.1,0.8566264031964949,0.41606837660015306,0.9621777727187883,0.2654252377731365,542.6
0.2,2.0,3,21,0.42,0.65,80,0.02,0.001,0.3,0.8559079056413793,0.4251525910751046,0.9441232919862805,0.27435220047672404,991.4
0.3,1.8,8,3,0.3,0.6,110,0.005,0.005,0.1,0.8566277839647573,0.4558586913012756,0.8222379509259351,0.3153581089801202,592.0
0.1,1.8,4,21,0.3,0.45,100,0.02,0.005,1.0,0.8562450141912636,0.4039406462415894,0.9774491386943172,0.25457379086989806,804.2
0.15,1.6,5,17,0.15,0.35,70,0.001,0.005,1.0,0.8564995350322675,0.4202256943953425,0.9548989394711438,0.26939057445258136,712.8
0.1,2.0,3,15,0.2,0.65,90,0.001,0.0,1.0,0.8559625060062404,0.39923482919545006,0.9805889886002124,0.250641209606245,974.0
0.2,1.4,5,17,0.42,0.45,50,0.001,0.001,1.0,0.8562477751381936,0.4457542265376103,0.8858212484176864,0.2978154098106308,729.0
0.1,2.2,8,11,0.3,0.65,130,0.005,0.0,0.5,0.8539335703553516,0.39078422105254884,0.9864411868287343,0.24370214080428107,253.8
0.3,1.6,4,19,0.1,0.65,70,0.01,0.005,1.0,0.8563305749058007,0.45778965261557436,0.7955481826726387,0.32136317871126435,774.4
0.25,1.4,5,9,0.15,0.55,100,0.005,0.001,0.3,0.8563531778387434,0.45511709573249515,0.8229514466884797,0.3145434563795636,525.8
0.3,2.2,6,19,0.42,0.35,60,0.005,0.001,0.3,0.856581574847211,0.4502691240991494,0.8690513605413595,0.3038590787266816,803.4
0.33,2.2,7,9,0.1,0.55,110,0.0,0.001,0.5,0.8540570076649153,0.45374838268346657,0.8093183529526206,0.31529586683774424,297.4
0.3,1.8,3,19,0.2,0.65,130,0.01,0.001,0.1,0.8560318536905882,0.4550564751434257,0.825092086764385,0.31417119412816225,990.6
0.2,1.6,5,19,0.1,0.35,70,0.02,0.005,0.1,0.8565452263603779,0.43924810603813286,0.9114398181004699,0.2893550265172948,780.8
0.33,1.4,4,9,0.42,0.6,60,0.001,0.005,0.7,0.8562492649530503,0.4540391198762405,0.6910023750936782,0.3381221665803671,740.2
0.33,1.4,8,7,0.1,0.6,100,0.0,0.0,0.1,0.8565009481875663,0.4540150346906799,0.6865783397669929,0.3391698867941151,432.8
0.1,1.6,5,19,0.1,0.65,80,0.005,0.001,0.7,0.8564167524422217,0.4063611057270915,0.9743806918405715,0.25671235175421964,698.8
0.25,2.0,6,13,0.1,0.6,60,0.02,0.0,1.0,0.8563392305751499,0.44245551961636737,0.8985235814691255,0.2934939434902485,574.2
0.1,2.2,3,5,0.2,0.65,60,0.005,0.005,0.5,0.8349605467424022,0.378842940582518,0.9910790493411896,0.2341862294636623,36.0
0.3,1.4,5,17,0.3,0.6,50,0.01,0.0,1.0,0.8565040628643151,0.45764293331699407,0.7499476827494147,0.3293113768543817,634.6
0.15,1.6,8,15,0.4,0.55,70,0.005,0.005,0.5,0.8563795827282046,0.42116506419590405,0.9519018192754117,0.2704074651518448,449.8
0.1,2.2,7,7,0.1,0.35,50,0.02,0.005,0.7,0.8565568846672015,0.39891293252665694,0.9812316160695573,0.25034608013250154,624.6
0.3,2.2,3,11,0.15,0.55,80,0.01,0.005,1.0,0.8460758917560464,0.44741683360126994,0.8275861261119484,0.30675988518280084,417.8
0.15,1.6,4,9,0.4,0.55,80,0.0,0.0,1.0,0.8563550865921012,0.42005981514001756,0.9549702661291576,0.2692512107764794,724.2
0.1,2.2,6,19,0.1,0.55,60,0.005,0.0,0.3,0.8535108840838171,0.3899675858849001,0.9865838910741855,0.2430648616390531,267.6
0.33,2.2,6,13,0.2,0.45,80,0.0,0.001,1.0,0.8564707643746866,0.4550084969701896,0.8357969168854723,0.3126040027801718,799.2
0.1,1.6,5,17,0.3,0.55,90,0.02,0.0,1.0,0.8564883290815993,0.40643402784590654,0.9745949009970198,0.256756016347725,717.4
0.3,1.8,5,15,0.15,0.35,100,0.001,0.0,0.7,0.8564646101024934,0.456909732186393,0.8255916534823122,0.31587048656668737,674.4
0.2,1.8,4,13,0.3,0.6,120,0.005,0.001,0.7,0.8563499025649068,0.43299743185570405,0.9275676387311138,0.28242070302695643,811.8
0.3,1.4,4,21,0.1,0.55,70,0.02,0.0,0.5,0.8562378168925606,0.4578845310466906,0.7535158745740709,0.32887743291977445,743.8
0.33,1.4,8,5,0.1,0.65,50,0.02,0.005,0.7,0.8562274751967809,0.45313259613471935,0.6877911730650574,0.3378914688580532,386.8
0.3,1.6,3,19,0.2,0.65,130,0.01,0.005,0.3,0.8560468417980951,0.45700503127810466,0.7949061408916673,0.32069799665514803,991.4
0.2,2.0,4,21,0.42,0.55,70,0.01,0.005,1.0,0.8563222505818275,0.4274892286355505,0.9417684936833508,0.2765019115126769,858.6
0.1,2.0,5,19,0.1,0.45,70,0.02,0.0,0.7,0.8564525220540145,0.40166372906158687,0.9794474055660258,0.25263445175624333,744.6
0.15,1.6,7,21,0.42,0.45,120,0.005,0.0,0.3,0.8561651205744301,0.42064293878248826,0.9539713109462864,0.2698115042437678,504.2
0.25,1.6,3,11,0.2,0.45,50,0.001,0.005,0.5,0.8558497975889455,0.45045888658039457,0.8546361181796908,0.30583235688639193,930.2
0.25,2.0,6,3,0.1,0.55,60,0.02,0.005,0.5,0.856355031728735,0.4430039035938244,0.8969535037279066,0.2941476432183305,636.8
0.33,1.8,7,19,0.4,0.45,110,0.01,0.001,1.0,0.8561735297436345,0.4565736119926055,0.784059013960519,0.322081761164868,601.6
0.33,1.4,7,11,0.3,0.45,130,0.01,0.001,0.5,0.8561462660462229,0.45446765493112923,0.6901458440444277,0.33880804987913243,457.4
0.25,2.0,7,3,0.4,0.45,120,0.001,0.0,0.1,0.8565049400881669,0.44388058656817053,0.896668298954699,0.2949557556089096,670.2
0.3,1.8,4,7,0.15,0.45,100,0.02,0.005,0.1,0.8563340590591901,0.4563721303503133,0.8241646874219347,0.31556599939488733,921.2
0.33,1.6,6,13,0.42,0.35,120,0.01,0.001,0.3,0.8565914386918904,0.45772022439316656,0.7420265530736799,0.33094529774419834,634.4
0.3,1.6,8,15,0.1,0.45,50,0.001,0.005,1.0,0.8562637601253595,0.45687132211345494,0.7881980482316921,0.3216677882183652,538.8
0.15,1.6,8,19,0.1,0.65,70,0.0,0.0,0.5,0.8563489901601603,0.4206485737195734,0.9529009781759779,0.26989748623514953,411.2
0.15,2.2,6,21,0.4,0.35,90,0.0,0.0,0.7,0.8565702340548823,0.4099729571993242,0.9710982140833607,0.2598363937641631,791.0
0.3,2.0,6,7,0.15,0.6,70,0.02,0.0,1.0,0.8563095520267219,0.4531198360253832,0.8452879715141547,0.30953076250256084,532.0
0.33,2.2,5,7,0.42,0.55,120,0.02,0.005,0.1,0.852637412107948,0.45220156234204445,0.8098892717932735,0.31370645713381595,346.8
0.15,2.0,6,7,0.1,0.35,80,0.02,0.005,0.7,0.8566362854590871,0.41243877469704754,0.9673160168199516,0.262095553138128,737.2
0.15,2.2,3,7,0.3,0.65,50,0.02,0.005,0.1,0.8349605467424022,0.39812210600066306,0.9760216633397022,0.2500630186841009,36.0
0.1,2.0,8,7,0.4,0.65,50,0.01,0.005,0.7,0.8563169669611674,0.4022361645065876,0.9794473801013138,0.2530878362870749,502.6
0.2,1.4,8,19,0.3,0.45,120,0.01,0.001,1.0,0.856328479000876,0.4453486026494306,0.8866774484256823,0.2973550357885286,482.2
0.33,2.2,3,15,0.15,0.55,120,0.001,0.0,0.5,0.8460407384434522,0.45082639469426483,0.8132432289967693,0.31189913860645585,421.6
0.3,2.2,6,11,0.15,0.35,50,0.02,0.005,0.1,0.8567262301893426,0.45021338625429647,0.8694080956902758,0.30376538528446173,692.8
0.3,1.4,6,9,0.42,0.55,110,0.005,0.0,0.3,0.8564861359679561,0.45797753819705767,0.7468074763375532,0.3302737021319125,536.6
0.25,2.2,5,11,0.4,0.6,100,0.02,0.001,0.7,0.8525688952037894,0.43102592491875746,0.9132953807267272,0.2821061702509744,274.2
0.15,2.0,7,19,0.3,0.45,100,0.02,0.005,0.7,0.8562352652551859,0.4138567467463001,0.964818386948011,0.2634293059194532,727.0
0.2,1.8,7,13,0.42,0.6,70,0.0,0.005,0.3,0.8564614139059558,0.43315430474904365,0.9265684543658358,0.28264894481860997,497.2
0.25,1.6,3,9,0.4,0.6,100,0.02,0.005,0.1,0.8560022882882578,0.45111403327692134,0.8543506842240763,0.3064772527219541,987.2
0.15,2.0,8,3,0.1,0.45,120,0.02,0.001,0.1,0.8563889366966345,0.4134560042636649,0.9669591798121877,0.26294495055395006,655.6
0.1,1.8,4,13,0.1,0.65,50,0.01,0.001,1.0,0.856304335933803,0.4038669943329194,0.9775918429397684,0.25450648048331526,858.8
0.33,2.2,5,21,0.1,0.45,120,0.01,0.0,0.3,0.8562579205668085,0.4548724733947793,0.8366529895699086,0.3123550626416382,714.8
0.33,2.2,5,9,0.1,0.65,130,0.02,0.005,0.3,0.8517994883856226,0.45141984727821677,0.810246210659885,0.31289534898171906,308.8
0.3,1.6,8,3,0.2,0.45,50,0.001,0.0,0.5,0.8564981178036895,0.4568257170532129,0.794192314087868,0.32063256449100935,539.4
0.25,1.8,8,15,0.3,0.65,80,0.02,0.0,0.1,0.8562481305501782,0.4475798998635569,0.8771151180684098,0.3004556107701081,488.8
0.1,2.2,5,19,0.4,0.55,100,0.005,0.0,1.0,0.8526816107700835,0.3901160518206037,0.986155701943696,0.24320667927613684,392.0
0.15,2.0,6,21,0.1,0.55,70,0.01,0.005,0.1,0.8563930351381182,0.41208088616631666,0.9671017567340794,0.26182258468164815,512.4
0.3,1.4,7,11,0.2,0.35,130,0.005,0.005,1.0,0.8567171170017923,0.4588416910104251,0.7443102539010029,0.33166367974596755,549.6
0.2,2.0,6,21,0.3,0.45,100,0.01,0.005,0.7,0.8563940942836569,0.42817753336826436,0.9369874176312063,0.27749931750729007,755.6
0.3,1.4,6,5,0.2,0.35,110,0.001,0.005,0.3,0.8566316754834812,0.4582869425218914,0.744738086525526,0.3309946271930019,657.4
0.2,2.0,5,19,0.4,0.35,90,0.001,0.001,0.1,0.856666080093403,0.4272176744489677,0.9409833911509617,0.27634414254767126,836.0
0.25,1.8,3,19,0.15,0.6,100,0.005,0.0,1.0,0.8560463808023824,0.4451281800326094,0.8783997618540145,0.29810493004179783,970.4
0.2,1.6,8,9,0.3,0.45,80,0.001,0.001,0.3,0.8562794137906596,0.43907937847165623,0.9103695617242972,0.2893128413136762,535.6
0.15,1.6,4,21,0.2,0.45,60,0.0,0.0,0.7,0.8562074806725484,0.4200021475453604,0.9553270776722096,0.2691762121663953,811.8
0.3,1.4,7,3,0.3,0.55,100,0.01,0.005,0.5,0.8564689747761355,0.45795510188801886,0.7498050548980991,0.3296594456119015,491.4
0.25,1.6,7,11,0.3,0.45,70,0.0,0.005,0.7,0.8562301668637436,0.45246768197915754,0.853566065521213,0.3078292237242131,612.0
0.25,2.2,3,19,0.2,0.6,70,0.01,0.0,1.0,0.8460537734248723,0.42916026846664196,0.916007016037421,0.28026948808761665,418.4
0.25,1.8,8,3,0.1,0.45,110,0.02,0.0,0.5,0.8564285044218991,0.44785004733280065,0.8761160100972676,0.30081751991382705,571.2
0.2,2.2,5,7,0.4,0.55,80,0.005,0.001,1.0,0.8525725796392031,0.418550812896726,0.9489046990796799,0.268514374062118,343.4
0.2,1.8,4,17,0.3,0.45,110,0.005,0.001,0.7,0.8563699154677332,0.43268036012304734,0.9271394496006243,0.28219064086846213,936.4
0.2,2.0,4,21,0.15,0.65,80,0.0,0.005,0.5,0.8564219677009322,0.42731669686094165,0.942054029497813,0.27633593305258425,827.4
0.15,2.2,6,15,0.15,0.45,70,0.01,0.0,0.3,0.8562754523741936,0.4103837396694766,0.9707411988226136,0.26019056801579954,708.4
0.25,2.0,4,19,0.4,0.55,120,0.005,0.001,1.0,0.8563414902800265,0.4433227412165661,0.8985947044094441,0.29425062463393953,897.4
0.3,1.4,6,5,0.42,0.45,50,0.001,0.001,0.7,0.8563499882230772,0.45776921830782963,0.7498765088796724,0.32945932774968684,599.0
0.33,1.4,6,13,0.2,0.55,100,0.02,0.005,0.5,0.8563826027902035,0.45330522079566143,0.6870777536966486,0.33825304629837805,501.8
0.2,1.4,6,5,0.2,0.65,80,0.02,0.005,1.0,0.8565388249271375,0.44616299022181255,0.8865346423213836,0.29809539094007825,512.4
0.15,1.8,5,13,0.42,0.65,120,0.01,0.0,0.7,0.8564836971684491,0.41578256748575954,0.9623920837340842,0.26517711989868104,638.0
0.3,1.8,6,7,0.15,0.55,110,0.02,0.005,0.7,0.8565171430475637,0.4568228164424809,0.8228799163127709,0.31618454885107,625.6
0.1,1.4,4,13,0.15,0.55,100,0.005,0.005,0.5,0.8563641275642638,0.4089755069487178,0.9715262249608673,0.25900488411449835,810.4
0.3,2.0,5,17,0.2,0.65,130,0.01,0.001,0.3,0.8563293469868384,0.453081231077325,0.8459301406186854,0.30940925888298837,666.4
0.15,1.4,4,9,0.42,0.55,60,0.001,0.0,0.7,0.8562706787470666,0.4270061676874423,0.9421253816205386,0.2760697144701117,692.6
0.1,1.4,3,17,0.4,0.35,50,0.01,0.005,0.1,0.8558212125360376,0.40746937792186777,0.9733102062819917,0.25767170069354084,965.4
0.1,1.8,7,7,0.1,0.6,90,0.001,0.0,0.5,0.8564078825759562,0.40474140462200825,0.977948807271092,0.2551770084045171,589.8
0.25,1.6,4,19,0.15,0.35,50,0.005,0.001,0.7,0.8563849296540343,0.452663665310277,0.8567057881035487,0.30760627718032396,833.8
0.25,2.2,5,19,0.3,0.45,130,0.001,0.005,1.0,0.8563807138533068,0.43866423946827543,0.9137235698572168,0.2886150479186319,761.8
0.25,2.2,6,19,0.42,0.65,90,0.005,0.001,1.0,0.8530097928540661,0.43211547186790444,0.9113685678365918,0.28322762130246554,311.6
0.15,1.4,6,11,0.2,0.6,90,0.001,0.001,0.1,0.8563993001131905,0.427279460425531,0.9397704305293375,0.27649729768764975,508.4
0.1,2.2,4,13,0.2,0.6,130,0.0,0.005,0.7,0.8504028998466877,0.38863620887793915,0.986227003136998,0.2420555497381549,406.0
0.25,1.8,3,15,0.2,0.65,80,0.0,0.005,0.5,0.8559271988414089,0.44503043485953675,0.8776145829274895,0.2981055774762345,938.2
0.15,2.0,7,15,0.3,0.45,70,0.01,0.001,0.3,0.8561491816496414,0.4131966996745199,0.9654605305878299,0.26284681316015057,664.6
0.2,1.4,6,9,0.4,0.65,90,0.005,0.005,1.0,0.8565091454577894,0.4458256628695163,0.8854643859452107,0.29791862114179807,536.6
0.2,2.0,4,5,0.15,0.45,90,0.0,0.005,0.7,0.8562755863829994,0.42656567210943974,0.9413402790881495,0.27577128856197497,866.8
0.3,2.0,5,21,0.3,0.45,100,0.0,0.0,0.1,0.8562069562317991,0.4533463181275829,0.8455020024176196,0.30971153091719483,823.2
0.3,1.4,4,5,0.2,0.55,70,0.01,0.005,0.1,0.8563718596561893,0.45777157205770835,0.752231103464907,0.3290046686577638,753.2
0.15,1.4,4,3,0.3,0.45,100,0.01,0.001,0.7,0.8562324115288542,0.42654467516765227,0.9414118603932821,0.2757469385290529,816.4
0.2,2.0,8,3,0.2,0.35,70,0.0,0.001,0.7,0.8567390460345281,0.4269225601235858,0.9415542335974788,0.2760463693851392,627.6
0.1,2.2,6,7,0.15,0.55,110,0.0,0.0,0.3,0.8535204411314817,0.38999069588167246,0.9864411868287343,0.24309235058388676,303.0
0.25,2.0,4,3,0.15,0.6,60,0.02,0.005,0.3,0.8562765993057637,0.4428804312199556,0.8995227912991155,0.2937612821244683,808.0
0.25,2.0,8,11,0.2,0.45,50,0.02,0.005,0.1,0.856257104062269,0.4427171352227518,0.8975242697802879,0.29383896214896743,632.8
0.2,2.0,8,11,0.15,0.55,50,0.001,0.0,0.3,0.8562244654112121,0.4275625214712961,0.9375578017129094,0.2769327655295049,509.2
0.33,2.0,5,3,0.15,0.55,60,0.01,0.0,0.1,0.8563305999370394,0.45661867889827984,0.815101567276623,0.31714698910658673,765.8
0.1,2.2,8,17,0.42,0.65,70,0.005,0.0,0.3,0.853986964103942,0.391097092923965,0.9867979474423624,0.24392848358275207,282.6
0.15,2.0,3,21,0.2,0.35,50,0.005,0.005,0.3,0.8559174292795804,0.40999043089823994,0.9690999217469403,0.25999305872818945,993.6
0.33,2.2,3,7,0.3,0.45,100,0.02,0.005,0.5,0.8558792145079004,0.452632288625066,0.8381512822882998,0.3100379974801636,986.8
0.25,1.6,3,15,0.2,0.45,90,0.0,0.001,0.7,0.8559134275893105,0.45062553085648255,0.8537084132606978,0.3061077000807351,999.6
0.3,1.8,7,17,0.15,0.65,70,0.02,0.001,0.5,0.856456411427881,0.45563394958070136,0.8204537404224036,0.31540360245596666,519.2
0.33,2.0,5,21,0.4,0.45,60,0.02,0.0,0.7,0.8563522676249458,0.45761744015640016,0.8161008535007486,0.3179601811693525,813.0
0.2,1.8,7,13,0.3,0.35,130,0.01,0.005,0.3,0.8566371081452331,0.4328345790451772,0.9282814400702012,0.28221861735621506,605.6
0.1,2.2,5,21,0.15,0.55,60,0.02,0.001,0.3,0.8526296931277116,0.3901932302674339,0.9861556764789841,0.2432638156099775,337.8
0.3,2.0,7,7,0.4,0.55,100,0.01,0.005,0.5,0.8564501910370115,0.45403508564475653,0.8459303443363806,0.31030096667725815,655.4
0.1,1.4,7,5,0.1,0.45,70,0.0,0.0,0.1,0.8561898989309393,0.4092274799041319,0.9712406636816932,0.25922775097275264,551.0
0.25,1.6,3,3,0.4,0.6,120,0.02,0.005,1.0,0.8560736017806654,0.45110585029009426,0.8542078781197773,0.3064855828398063,998.8
0.2,1.4,5,9,0.4,0.35,50,0.001,0.005,0.7,0.8564593783211674,0.44542550516014606,0.888461658929214,0.297225883697328,696.0
0.1,2.0,8,3,0.2,0.65,110,0.005,0.005,0.1,0.8564403988310764,0.401223572855844,0.9794473291718901,0.2522863396252083,548.2
0.3,1.8,7,3,0.42,0.35,90,0.0,0.0,1.0,0.8565684159437824,0.4566906202619528,0.8222375944199687,0.3161497096288846,683.0
